Name,latitude,longitude,Ocean,Fate,Date
U-1,54.233333,5.116667,The North Sea,Sunk,1940-04-06
U-2,54.65,19.916667,The Baltic Sea,Stricken,1944-04-08
U-3,54.5175,18.54,The Baltic Sea,Stricken,1944-08-01
U-4,54.5175,18.54,The Baltic Sea,Stricken,1944-08-01
U-5,54.65,19.916667,The Baltic Sea,Sunk,1943-03-19
U-6,54.5175,18.54,The Baltic Sea,Stricken,1944-08-07
U-7,54.866667,19.485556,The Baltic Sea,Sunk,1944-02-18
U-8,53.516667,8.166667,The North Sea,Scuttled,1945-05-05
U-9,44.2,28.683333,The Black Sea,Sunk,1944-08-20
U-10,54.4,18.7,The Baltic Sea,Stricken,1944-08-01
U-11,54.323333,10.139444,The Baltic Sea,Scuttled,1945-05-03
U-12,51.166667,1.5,The English channel,Sunk,1939-10-08
U-13,52.433333,2.033333,The North Sea,Sunk,1940-05-31
U-14,53.516667,8.133333,The Baltic Sea,Scuttled,1945-05-05
U-15,54.4,7.833333,The North Sea,Sunk,1940-01-30
U-16,51.15,1.466667,The North Sea,Sunk,1939-10-25
U-17,53.528611,8.105556,The Baltic Sea,Scuttled,1945-05-05
U-18,44.2,28.683333,The Black Sea,Scuttled,1944-08-25
U-19,41.566667,31.833333,The Black Sea,Scuttled,1944-09-11
U-20,41.166667,30.783333,The Black Sea,Scuttled,1944-09-10
U-21,54.65,19.916667,The Baltic Sea,Scrapped,1945-02-01
U-22,57.5,9.0,The North Sea,Missing,1940-03-27
U-23,41.183333,30.0,The Black Sea,Scuttled,1944-09-10
U-24,44.2,28.683333,The Black Sea,Scuttled,1944-08-25
U-25,54.233333,5.116667,The North Sea,Sunk,1940-08-02
U-26,51.342583,-10.182861,The Atlantic ocean,Scuttled,1940-07-01
U-27,58.583333,-9.033333,The Atlantic ocean,Sunk,1939-09-20
U-28,54.116667,10.833333,The Baltic Sea,Scuttled,1944-03-17
U-29,49.95,-15.566667,The Atlantic ocean,Scuttled,1945-05-05
U-30,53.528611,8.105556,The Baltic Sea,Scuttled,1945-05-05
U-31,55.644056,-8.413556,The Atlantic ocean,Sunk,1940-11-02
U-32,55.616667,-12.316667,The Atlantic ocean,Sunk,1940-10-30
U-33,55.416667,-5.116667,The Atlantic ocean,Sunk,1940-02-12
U-34,55.7,21.15,The Baltic Sea,Sunk,1943-08-05
U-35,60.883333,2.783333,The North Sea,Scuttled,1939-11-29
U-36,57.0,5.033333,The North Sea,Sunk,1939-12-04
U-37,54.916667,9.783333,The Baltic Sea,Scuttled,1945-05-08
U-38,53.566667,8.533333,The North Sea,Scuttled,1945-05-05
U-39,58.533333,-11.816667,The Atlantic ocean,Sunk,1939-09-14
U-40,50.7,0.25,The English channel,Sunk,1939-10-13
U-41,49.333333,-10.066667,The Atlantic ocean,Sunk,1940-02-05
U-42,49.2,-16.0,The Atlantic ocean,Sunk,1939-10-13
U-43,34.95,-35.183333,The Atlantic ocean,Sunk,1943-07-30
U-44,54.233333,5.116667,The North Sea,Sunk,1940-03-13
U-45,50.966667,-12.95,The Atlantic ocean,Sunk,1939-10-14
U-46,54.833333,9.483333,The Baltic Sea,Scuttled,1945-05-05
U-47,52.7414,-11.5258,The Atlantic ocean,Sunk,1941-03-07
U-48,54.116667,10.833333,The Baltic Sea,Scuttled,1945-05-03
U-49,68.883333,16.983333,The Atlantic ocean,Sunk,1940-04-15
U-50,53.978439,5.215405,The North Sea,Sunk,1940-04-06
U-51,45.5,-4.4,The Atlantic ocean,Sunk,1940-08-20
U-52,54.42602,18.682926,The Baltic Sea,Sunk,1945-05-03
U-53,60.533333,-6.233333,The Atlantic ocean,Sunk,1940-02-24
U-54,54.95,6.75,The North Sea,Sunk,1940-02-13
U-55,48.616667,-7.8,The Atlantic ocean,Sunk,1940-01-30
U-56,54.316667,10.166667,The Baltic Sea,Scuttled,1945-05-03
U-57,54.316667,10.166667,The Baltic Sea,Scuttled,1945-05-03
U-58,54.316667,10.166667,The Baltic Sea,Scuttled,1945-05-03
U-59,54.316667,10.166667,The Baltic Sea,Scuttled,1945-05-03
U-60,53.528611,8.105556,The Baltic Sea,Scuttled,1945-05-05
U-61,53.528611,8.105556,The Baltic Sea,Scuttled,1945-05-05
U-62,53.528611,8.105556,The Baltic Sea,Scuttled,1945-05-05
U-63,58.666667,-0.166667,The North Sea,Sunk,1940-02-25
U-64,68.548333,17.55,The Barents Sea,Sunk,1940-04-13
U-65,60.066667,-15.75,The Atlantic ocean,Sunk,1941-04-28
U-66,17.283333,-32.483333,The Atlantic ocean,Sunk,1944-05-06
U-67,30.083333,-44.283333,The Atlantic ocean,Sunk,1943-07-16
U-68,33.4,-18.983333,The Atlantic ocean,Sunk,1944-04-10
U-69,50.6,-41.116667,The Atlantic ocean,Sunk,1943-02-17
U-70,60.25,-14.0,The Atlantic ocean,Sunk,1941-03-07
U-71,53.528611,8.105556,The Baltic Sea,Scuttled,1945-05-02
U-72,53.08,8.46,The Baltic Sea,Sunk,1945-03-30
U-73,36.116667,-0.833333,The Mediterranean Sea,Sunk,1943-12-16
U-74,37.533333,0.166667,The Mediterranean Sea,Sunk,1942-05-02
U-75,31.833333,26.666667,The Mediterranean Sea,Sunk,1941-12-28
U-76,58.583333,-20.333333,The Atlantic ocean,Sunk,1941-04-05
U-77,38.644444,0.046111,The Mediterranean Sea,Sunk,1943-03-29
U-78,54.65,19.916667,The Baltic Sea,Sunk,1945-04-16
U-79,32.212423,25.521036,The Mediterranean Sea,Sunk,1941-12-23
U-80,54.4167,19.8333,The Baltic Sea,Sunk,1944-11-28
U-81,44.866667,13.85,The Mediterranean Sea,Scrapped,1944-04-22
U-82,40.050283,-23.419869,The Atlantic ocean,Sunk,1942-02-06
U-83,37.166667,0.083333,The Mediterranean Sea,Sunk,1943-03-04
U-84,27.916667,-68.05,The Atlantic ocean,Sunk,1943-08-07
U-85,35.916667,-75.216667,The Atlantic ocean,Sunk,1942-04-14
U-86,40.8667,-18.9,The Atlantic ocean,Sunk,1943-11-29
U-87,41.6,-13.516667,The Atlantic ocean,Sunk,1943-03-04
U-88,75.066667,4.816667,The Barents Sea,Sunk,1942-09-12
U-89,46.5,-25.666667,The Atlantic ocean,Sunk,1943-05-12
U-90,48.2,-40.933333,The Atlantic ocean,Sunk,1942-07-24
U-91,60.143918,-30.139176,The Atlantic ocean,Sunk,1944-02-26
U-92,60.4,5.316667,The North Sea,Scrapped,1944-10-04
U-93,36.166667,-15.866667,The Atlantic ocean,Sunk,1942-01-15
U-94,17.666667,-74.5,The Caribbean Sea,Sunk,1942-08-28
U-95,36.4,-3.333333,The Mediterranean Sea,Sunk,1941-11-28
U-96,53.528611,8.105556,The North Sea,Sunk,1945-03-30
U-97,33.0,34.0,The Mediterranean Sea,Sunk,1943-06-16
U-98,36.15,-7.7,The Atlantic ocean,Sunk,1942-11-15
U-99,61.0,-12.0,The Atlantic ocean,Sunk,1941-03-17
U-100,61.066667,-11.5,The Atlantic ocean,Sunk,1941-03-17
U-101,54.116667,10.833333,The Barents Sea,Scuttled,1945-05-03
U-102,48.55,-10.433333,The Atlantic ocean,Sunk,1940-07-01
U-103,54.326,10.164,The Barents Sea,Scuttled,1945-05-03
U-104,55.5,-8.0,The Atlantic ocean,Sunk,1940-11-28
U-105,14.745027,-17.74182,The Atlantic ocean,Sunk,1943-06-02
U-106,43.953369,-4.63962,The Atlantic ocean,Sunk,1943-08-02
U-107,46.766667,-3.816667,The Atlantic ocean,Sunk,1944-08-18
U-108,47.22,-22.4,The Atlantic ocean,Scuttled,1944-04-11
U-109,47.22,-22.4,The Atlantic ocean,Sunk,1943-05-04
U-110,60.366667,-33.2,The Atlantic ocean,Captured,1941-05-09
U-111,27.166667,-20.4,The Atlantic ocean,Sunk,1941-10-04
U-116,45.0,-31.5,The Atlantic ocean,Missing,1942-10-06
U-117,39.7,-38.35,The Atlantic ocean,Sunk,1943-08-07
U-118,30.816667,-28.35,The Atlantic ocean,Sunk,1943-06-12
U-119,44.983333,-12.4,The Atlantic ocean,Sunk,1943-06-24
U-120,53.55,8.583333,The Atlantic ocean,Scuttled,1945-05-05
U-121,53.55,8.583333,The Atlantic ocean,Scuttled,1945-05-05
U-122,45.5,-4.4,The Atlantic ocean,Missing,1940-06-22
U-123,47.725976,-3.363578,The Atlantic ocean,Scuttled,1944-08-19
U-124,41.033333,-15.65,The Atlantic ocean,Sunk,1943-04-02
U-125,52.5,-45.333333,The Atlantic ocean,Sunk,1943-05-06
U-126,52.5,-45.333333,The Atlantic ocean,Sunk,1943-07-03
U-127,10.0,-35.583,The Atlantic ocean,Sunk,1941-12-15
U-128,10.0,-35.583,The Atlantic ocean,Sunk,1943-05-17
U-129,47.725976,-3.363578,The Atlantic ocean,Scuttled,1944-08-18
U-130,37.973749,-36.58919,The Atlantic ocean,Sunk,1943-03-12
U-131,34.2,-13.583333,The Atlantic ocean,Scuttled,1941-12-17
U-132,55.5,-40.0,The Atlantic ocean,Sunk,1942-11-04
U-133,37.833333,23.583333,The Mediterranean Sea,Sunk,1942-03-14
U-134,44.05,-8.083333,The Atlantic ocean,Sunk,1943-08-27
U-135,28.333333,-13.283333,The Atlantic ocean,Sunk,1943-07-15
U-136,33.5,-22.866667,The Atlantic ocean,Sunk,1942-07-11
U-137,53.55,8.583333,The Atlantic ocean,Scuttled,1945-05-05
U-138,36.066667,-7.483333,The Atlantic ocean,Scuttled,1941-06-18
U-139,53.55,8.583333,The Atlantic ocean,Scuttled,1945-05-05
U-140,53.55,8.583333,The Atlantic ocean,Scuttled,1945-05-05
U-141,53.55,8.583333,The Atlantic ocean,Scuttled,1945-05-05
U-142,53.55,8.583333,The Atlantic ocean,Scuttled,1945-05-05
U-143,55.966667,-9.583333,The Atlantic ocean,Sunk,1945-12-22
U-144,59.0,23.0,The Barents Sea,Sunk,1941-08-10
U-145,55.783333,-9.933333,The Atlantic ocean,Sunk,1945-12-22
U-146,53.55,8.583333,The Atlantic ocean,Scuttled,1945-05-05
U-147,56.757731,-11.382499,The Atlantic ocean,Sunk,1941-06-02
U-148,53.55,8.583333,The Atlantic ocean,Scuttled,1945-05-05
U-149,55.666667,-8.0,The Atlantic ocean,Sunk,1945-12-21
U-150,56.066667,-9.583333,The Atlantic ocean,Sunk,1945-12-21
U-151,53.55,8.583333,The Atlantic ocean,Scuttled,1945-05-05
U-152,53.55,8.583333,The Atlantic ocean,Scuttled,1945-05-05
U-153,9.392016,-79.927123,The Caribbean Sea,Sunk,1943-07-13
U-154,34.0,-19.3,The Atlantic ocean,Sunk,1944-07-03
U-155,55.583,-7.65,The Atlantic ocean,Sunk,1945-12-21
U-156,12.633333,-54.65,The Atlantic ocean,Sunk,1943-03-08
U-157,24.216667,-82.05,The Caribbean Sea,Sunk,1942-06-13
U-158,32.833333,-67.466667,The Atlantic ocean,Sunk,1942-06-30
U-159,47.44013,-4.165525,The Atlantic ocean,Sunk,1943-07-28
U-160,31.84924,-28.713053,The Atlantic ocean,Sunk,1943-07-14
U-161,-12.5,-35.5833,The Atlantic ocean,Sunk,1943-09-27
U-162,12.35,-59.4833,The Caribbean Sea,Sunk,1942-09-03
U-163,45.083333,-15.0,The Atlantic ocean,Sunk,1943-03-13
U-164,-1.966667,-39.366667,The Atlantic ocean,Sunk,1943-01-06
U-165,47.0833,-5.5,The Atlantic ocean,Sunk,1942-09-27
U-166,28.6833,-88.7,The Mexican Gulf,Sunk,1942-07-30
U-167,-6.2,111.28,The Java Sea,Scuttled,1943-04-06
U-168,-6.2,111.28,The Java Sea,Sunk,1944-10-06
U-169,60.9,-15.4167,The Atlantic ocean,Sunk,1943-03-27
U-170,56.066667,-9.583333,The Atlantic ocean,Sunk,1945-11-30
U-171,47.797,3.784,The Atlantic ocean,Sunk,1942-10-09
U-172,26.483,29.967,The Atlantic ocean,Sunk,1943-12-13
U-173,33.667,-7.583,The Atlantic ocean,Sunk,1942-11-16
U-174,43.583,-56.3,The Atlantic ocean,Sunk,1943-04-27
U-175,47.883,-22.067,The Atlantic ocean,Sunk,1943-04-17
U-176,23.35,-80.3,The Caribbean Sea,Sunk,1943-05-15
U-177,-10.583,-23.25,The Atlantic ocean,Sunk,1944-02-06
U-178,44.927338,-0.550175,The Atlantic ocean,Scuttled,1944-08-25
U-179,-33.467,17.083,The Atlantic ocean,Sunk,1942-10-08
U-180,44.0,-2.0,The Atlantic ocean,Missing,1944-08-23
U-181,3.09722,100.69722,The South China Sea,Scuttled,1946-02-12
U-182,33.91667,-20.58333,The Atlantic ocean,Sunk,1943-05-16
U-183,-4.833,112.867,The Java Sea,Sunk,1945-04-23
U-184,49.0,-45.0,The Atlantic ocean,Missing,1942-11-21
U-185,27.0,-37.1,The Atlantic ocean,Sunk,1943-08-24
U-186,41.9,-31.817,The Atlantic ocean,Sunk,1943-05-12
U-187,50.2,-36.583333,The Atlantic ocean,Sunk,1943-02-04
U-188,44.833,-0.567,The Atlantic ocean,Scuttled,1944-08-25
U-189,59.762444,-42.039256,The Atlantic ocean,Sunk,1943-04-23
U-190,43.917,-63.0,The Atlantic ocean,Surrendered,1945-05-14
U-191,59.02889,-42.210033,The Atlantic ocean,Sunk,1943-04-23
U-192,53.1,-45.733333,The Atlantic ocean,Sunk,1943-05-06
U-193,45.633333,-9.716667,The Atlantic ocean,Missing,1944-04-24
U-194,59.0,-26.3,The Atlantic ocean,Sunk,1943-06-24
U-195,-6.08411,106.828005,The Java Sea,Surrendered,1945-05-02
U-196,-5.92,105.88,The Java Sea,Missing,1944-12-01
U-197,-28.666667,42.6,The Indian Ocean,Sunk,1943-08-20
U-198,-3.583333,52.816667,The Indian Ocean,Sunk,1944-08-12
U-199,-23.9,-42.9,The Atlantic ocean,Sunk,1943-07-31
U-200,58.25,-25.416667,The Atlantic ocean,Sunk,1943-06-24
U-201,50.833333,-40.833333,The Atlantic ocean,Sunk,1943-02-17
U-202,56.2,-39.866667,The Atlantic ocean,Sunk,1943-06-02
U-203,55.083333,-42.416667,The Atlantic ocean,Sunk,1943-04-25
U-204,35.766667,-6.033333,The Atlantic ocean,Sunk,1941-10-19
U-205,32.933333,22.016667,The Mediterranean Sea,Sunk,1943-02-17
U-206,47.083333,-2.666667,The Atlantic ocean,Missing,1941-11-29
U-207,56.538126,-40.118039,The Atlantic ocean,Sunk,1941-09-11
U-208,35.534015,-11.115261,The Atlantic ocean,Sunk,1941-12-07
U-209,52.0,-38.0,The Atlantic ocean,Missing,1943-05-07
U-210,54.4,-34.616667,The Atlantic ocean,Sunk,1942-08-06
U-211,38.232457,-19.513926,The Atlantic ocean,Sunk,1943-11-19
U-212,50.45,-0.216667,The English channel,Sunk,1944-07-21
U-213,36.75,-22.833333,The Atlantic ocean,Sunk,1942-07-31
U-214,49.966667,-3.5,The English channel,Sunk,1944-07-26
U-215,41.479972,-66.379972,The Atlantic ocean,Sunk,1942-07-03
U-216,48.35,-19.416667,The Atlantic ocean,Sunk,1942-10-20
U-217,30.3,-42.833333,The Atlantic ocean,Sunk,1943-06-05
U-218,55.466667,-7.3,The Atlantic ocean,Sunk,1945-12-05
U-219,-6.516667,104.902222,The Java Sea,Surrendered,1945-08-04
U-220,44.056907,-32.493876,The Atlantic ocean,Sunk,1943-10-28
U-221,47.0,-18.0,The Atlantic ocean,Sunk,1943-09-27
U-222,54.416667,19.5,The Barents Sea,Sunk,1942-09-02
U-223,38.8,14.166667,The Mediterranean Sea,Sunk,1944-03-30
U-224,36.466667,0.816667,The Mediterranean Sea,Sunk,1943-01-13
U-225,48.616667,-30.583333,The Atlantic ocean,Sunk,1943-02-22
U-226,44.816667,-41.216667,The Atlantic ocean,Sunk,1943-11-06
U-227,64.666667,-6.666667,The Atlantic ocean,Sunk,1943-04-30
U-228,60.389444,5.33,The North Sea,Scrapped,1944-10-05
U-229,54.6,-36.416667,The Atlantic ocean,Sunk,1943-09-22
U-230,43.125833,5.930556,The Mediterranean Sea,Scuttled,1944-08-12
U-231,41.189324,-21.166605,The Atlantic ocean,Sunk,1944-01-13
U-232,58.790212,-28.917088,The Atlantic ocean,Sunk,1943-07-09
U-233,49.189309,-20.319777,The Atlantic ocean,Sunk,1944-07-05
U-234,43.047085,-70.711725,The Atlantic ocean,Surrendered,1945-05-19
U-235,55.098413,6.200785,The North Sea,Sunk,1945-04-14
U-236,54.616667,10.05,The Baltic Sea,Scuttled,1945-05-05
U-237,54.337337,10.16102,The Baltic Sea,Sunk,1945-04-04
U-238,50.898537,-9.090618,The Atlantic ocean,Sunk,1944-02-09
U-239,54.337337,10.16102,The Barents Sea,Sunk,1944-07-24
U-240,61.363842,1.794819,The North Sea,Missing,1945-05-15
U-241,63.788676,-1.858402,The Atlantic ocean,Sunk,1944-05-18
U-242,52.035833,-5.768889,The Atlantic ocean,Sunk,1945-04-05
U-243,47.1,-6.666667,The Atlantic ocean,Sunk,1944-07-08
U-244,58.496974,-4.688441,The Atlantic ocean,Surrendered,1945-05-14
U-245,60.397297,5.278307,The Norwegian Sea,Surrendered,1945-05-09
U-246,53.666667,-4.883333,The Atlantic ocean,Sunk,1945-03-17
U-247,49.9,-5.816667,The Atlantic ocean,Sunk,1944-09-01
U-248,42.989712,-34.637465,The Atlantic ocean,Sunk,1945-01-16
U-249,50.583363,-2.423352,The Atlantic ocean,Surrendered,1945-05-10
U-250,60.465,28.415,The Baltic Sea,Sunk,1944-07-30
U-251,56.911379,11.396641,The Baltic Sea,Sunk,1945-04-19
U-252,63.545056,-8.221476,The Atlantic ocean,Sunk,1942-04-14
U-253,66.999972,-23.0,The Atlantic ocean,Sunk,1942-09-25
U-254,55.0,-40.0,The Atlantic ocean,Sunk,1942-12-08
U-255,58.496974,-4.688441,The Atlantic ocean,Surrendered,1945-05-17
U-256,60.404818,5.271212,The North Sea,Decommissioned,1944-10-23
U-257,47.316667,-26.0,The Atlantic ocean,Sunk,1944-02-24
U-258,55.116751,-24.101829,The Atlantic ocean,Sunk,1943-05-20
U-259,37.333333,3.083333,The Mediterranean Sea,Sunk,1942-11-15
U-260,51.25,-9.083333,The Atlantic ocean,Sunk,1945-03-12
U-261,59.8333,-9.4667,The Atlantic ocean,Sunk,1942-09-15
U-262,54.330091,10.154507,The Baltic Sea,Stricken,1945-04-02
U-263,45.5,-4.4,The Atlantic ocean,Sunk,1944-01-20
U-264,48.516667,-22.083333,The Atlantic ocean,Sunk,1944-02-19
U-265,56.583333,-22.816667,The Atlantic ocean,Sunk,1943-02-03
U-266,54.265678,-29.88222,The Atlantic ocean,Sunk,1943-05-15
U-267,54.771124,9.858515,The Baltic Sea,Scuttled,1945-05-05
U-268,47.05,-5.933333,The Atlantic ocean,Sunk,1943-02-19
U-269,50.016667,-2.983333,The English channel,Sunk,1944-06-25
U-270,45.5,-4.4,The Atlantic ocean,Sunk,1944-08-13
U-271,53.25,-15.8667,The Atlantic ocean,Sunk,1944-01-28
U-272,54.614645,18.912349,The Baltic Sea,Sunk,1942-11-12
U-273,59.416667,-24.55,The Atlantic ocean,Sunk,1943-05-19
U-274,57.233333,-27.833333,The Atlantic ocean,Sunk,1943-10-23
U-275,50.6,0.066667,The English channel,Sunk,1945-03-10
U-276,54.338899,10.161373,The Baltic Sea,Sunk,1945-05-03
U-277,73.4,15.533333,The Barents Sea,Sunk,1944-05-01
U-278,68.45515,17.439119,The Norwegian Sea,Surrendered,1945-05-09
U-279,60.666667,-26.5,The Atlantic ocean,Sunk,1943-10-04
U-280,49.183333,-27.533333,The Atlantic ocean,Sunk,1943-11-16
U-281,58.102326,8.00591,The North Sea,Surrendered,1945-05-09
U-282,55.466667,-31.95,The Atlantic ocean,Sunk,1943-10-29
U-283,60.75,-12.833333,The Atlantic ocean,Sunk,1944-02-11
U-284,55.066667,-30.383333,The Atlantic ocean,Scuttled,1943-12-21
U-285,50.216667,-12.8,The Atlantic ocean,Sunk,1945-04-15
U-286,69.483333,33.616667,The Barents Sea,Sunk,1945-04-29
U-287,53.833333,8.833333,The Baltic Sea,Sunk,1945-05-16
U-288,66.833871,8.042361,The Atlantic ocean,Sunk,1944-04-03
U-289,73.533333,0.466667,The Barents Sea,Sunk,1944-05-31
U-290,54.79,9.435,The Baltic Sea,Scuttled,1945-05-05
U-291,53.877282,8.709249,The Atlantic ocean,Surrendered,1945-05-05
U-292,62.616667,0.95,The Atlantic ocean,Sunk,1944-05-27
U-293,58.496974,-4.688441,The Atlantic ocean,Surrendered,1945-05-11
U-294,68.45515,17.439119,The Atlantic ocean,Surrendered,1945-05-09
U-295,68.45515,17.439119,The Atlantic ocean,Surrendered,1945-05-09
U-296,55.454543,-6.565574,The Atlantic ocean,Sunk,1945-03-12
U-297,58.7,-3.2,The Atlantic ocean,Sunk,1944-12-06
U-298,60.397297,5.278307,The Atlantic ocean,Surrendered,1945-05-09
U-299,58.102326,8.00591,The North Sea,Surrendered,1945-05-09
U-300,36.483333,-8.333333,The Atlantic ocean,Sunk,1945-02-22
U-301,41.45,7.066667,The Mediterranean Sea,Sunk,1943-01-21
U-302,45.083333,-35.183333,The Atlantic ocean,Sunk,1944-04-06
U-303,42.833333,6.0,The Mediterranean Sea,Sunk,1943-05-21
U-304,54.833333,-37.333333,The Atlantic ocean,Sunk,1943-05-28
U-305,49.0,-18.0,The Atlantic ocean,Sunk,1944-01-16
U-306,43.115611,-33.718225,The Atlantic ocean,Sunk,1943-10-31
U-307,69.4,33.733333,The Barents Sea,Sunk,1945-04-29
U-308,64.466667,-3.15,The Atlantic ocean,Sunk,1943-06-04
U-309,58.15,-2.383333,The North Sea,Sunk,1945-02-16
U-310,63.437945,10.380543,The Norwegian Sea,Surrendered,1945-05-09
U-311,52.15,-19.116667,The Atlantic ocean,Sunk,1944-04-22
U-312,68.45515,17.439119,The Norwegian Sea,Surrendered,1945-05-09
U-313,68.45515,17.439119,The Norwegian Sea,Surrendered,1945-05-09
U-314,73.683333,24.5,The Barents Sea,Sunk,1944-01-30
U-315,63.437945,10.380543,The Norwegian Sea,Surrendered,1945-05-09
U-316,53.966667,10.883333,The Baltic Sea,Scuttled,1945-05-02
U-317,62.05,1.75,The North Sea,Sunk,1944-06-26
U-318,68.45515,17.439119,The Norwegian Sea,Surrendered,1945-05-09
U-319,57.344901,5.662997,The North Sea,Sunk,1944-07-15
U-320,61.533333,1.883333,The North Sea,Scuttled,1945-05-08
U-321,49.304085,-14.028576,The Atlantic ocean,Sunk,1945-04-02
U-322,50.22353,-0.476274,The English channel,Sunk,1944-12-29
U-323,53.513111,8.529035,The North Sea,Scuttled,1945-05-05
U-324,60.397297,5.278307,The Norwegian Sea,Surrendered,1945-05-09
U-325,49.80472,-5.20638,The Atlantic ocean,Sunk,1945-04-30
U-326,45.5,-4.4,The Atlantic ocean,Sunk,1945-04-30
U-327,60.687211,4.074322,The North Sea,Sunk,1945-02-03
U-328,60.397297,5.278307,The Norwegian Sea,Surrendered,1945-05-09
U-331,37.083333,2.45,The Mediterranean Sea,Sunk,1942-11-17
U-332,44.8,-8.966667,The Atlantic ocean,Sunk,1943-04-29
U-333,49.65,-7.466667,The Atlantic ocean,Sunk,1944-07-31
U-334,58.266667,-28.333333,The Atlantic ocean,Sunk,1943-06-14
U-335,62.8,-0.2,The Atlantic ocean,Sunk,1942-08-03
U-336,62.716667,-27.283333,The Atlantic ocean,Sunk,1943-10-05
U-337,63.0,-12.0,The Atlantic ocean,Missing,1943-01-03
U-338,57.666667,-29.8,The Atlantic ocean,Missing,1943-09-20
U-339,53.666171,8.183914,The North Sea,Scuttled,1945-05-05
U-340,35.55,-6.616667,The Atlantic ocean,Sunk,1943-11-02
U-341,58.566667,-25.5,The Atlantic ocean,Sunk,1943-09-19
U-342,60.533333,-29.333333,The Atlantic ocean,Sunk,1944-04-17
U-343,38.116667,9.683333,The Mediterranean Sea,Sunk,1944-03-10
U-344,74.9,15.433333,The Barents Sea,Sunk,1944-08-22
U-345,54.181508,12.092557,The Baltic Sea,Stricken,1943-12-13
U-346,54.416667,19.833333,The Baltic Sea,Sunk,1943-09-20
U-347,68.252082,15.657399,The Barents Sea,Sunk,1944-07-17
U-348,53.551673,9.785677,The North Sea,Sunk,1945-03-30
U-349,54.775753,9.862222,The Baltic Sea,Scuttled,1945-05-05
U-350,53.551673,9.785677,The North Sea,Sunk,1945-03-30
U-351,54.889723,9.925302,The Baltic Sea,Scuttled,1945-05-05
U-352,34.227833,-76.564833,The Atlantic ocean,Sunk,1942-05-09
U-353,53.9,-29.5,The Atlantic ocean,Sunk,1942-10-16
U-354,72.49,30.41,The Barents Sea,Sunk,1944-08-24
U-355,73.05,13.166667,The Barents Sea,Missing,1944-04-01
U-356,45.5,-25.666667,The Atlantic ocean,Sunk,1942-12-27
U-357,57.166667,-15.666667,The Atlantic ocean,Sunk,1942-12-26
U-358,45.76667,-23.26667,The Atlantic ocean,Sunk,1944-03-01
U-359,18.06,-75.0,The Caribbean Sea,Sunk,1943-07-26
U-360,72.466667,13.066667,The Barents Sea,Sunk,1944-04-02
U-361,68.35,6.0,The Atlantic ocean,Sunk,1944-07-17
U-362,75.85,89.45,The Barents Sea,Sunk,1944-09-05
U-363,68.45515,17.439119,The Norwegian Sea,Surrendered,1945-05-09
U-364,45.33,-6.05,The Atlantic ocean,Sunk,1944-01-29
U-365,70.43,8.07,The Atlantic ocean,Sunk,1944-12-13
U-366,72.1,14.45,The Atlantic ocean,Sunk,1944-03-05
U-367,54.4167,18.8333,The Baltic Sea,Sunk,1945-03-16
U-368,54.191615,7909274.0,The North Sea,Surrendered,1945-05-05
U-369,58.102326,8.00591,The North Sea,Surrendered,1945-05-09
U-370,54.769249,9.900329,The Baltic Sea,Scuttled,1945-05-05
U-371,37.816667,5.65,The Mediterranean Sea,Scuttled,1944-05-04
U-372,32.466667,34.616667,The Mediterranean Sea,Sunk,1942-08-04
U-373,48.1667,-5.5167,The Atlantic ocean,Sunk,1944-06-08
U-374,37.833333,16.0,The Mediterranean Sea,Sunk,1942-01-12
U-375,36.65,14.3,The Mediterranean Sea,Missing,1943-07-25
U-376,46.8,-9.0,The Atlantic ocean,Missing,1943-04-07
U-377,49.65,-20.166667,The Atlantic ocean,Sunk,1944-01-17
U-378,47.666667,-28.45,The Atlantic ocean,Sunk,1943-10-20
U-379,57.1833,-30.95,The Atlantic ocean,Sunk,1942-08-08
U-380,43.1167,5.9167,The Mediterranean Sea,Sunk,1944-03-11
U-381,51.5,-36.0,The Atlantic ocean,Missing,1943-05-10
U-382,53.608543,8.183345,The North Sea,Scuttled,1945-05-05
U-383,47.4,-12.166667,The Atlantic ocean,Sunk,1943-08-01
U-384,54.3,-26.25,The Atlantic ocean,Sunk,1943-03-19
U-385,46.2667,-2.75,The Atlantic ocean,Sunk,1944-08-11
U-386,48.85,-22.7333,The Atlantic ocean,Sunk,1944-02-19
U-387,69.683333,33.2,The Barents Sea,Sunk,1944-12-09
U-388,57.6,-31.333333,The Atlantic ocean,Sunk,1943-06-20
U-389,60.85,-28.4333,The Atlantic ocean,Sunk,1943-10-04
U-390,49.866667,-0.8,The Atlantic ocean,Sunk,1944-07-05
U-391,45.75,-9.6333,The Atlantic ocean,Sunk,1943-12-13
U-392,35.9167,-5.6833,The Atlantic ocean,Sunk,1944-03-16
U-393,54.52,9.6167,The North Sea,Scuttled,1945-05-05
U-394,69.7833,4.1667,The Barents Sea,Sunk,1944-09-02
U-396,57.5,-26.0,The Atlantic ocean,Missing,1945-04-11
U-397,54.768232,9.860345,The Baltic Sea,Scuttled,1945-05-05
U-398,57.894525,5.349939,The North Sea,Missing,1945-04-17
U-399,49.9333,-5.3667,The English channel,Sunk,1945-03-26
U-400,50.665,-5.083333,The Atlantic ocean,Sunk,1944-12-15
U-401,50.45,-19.833333,The Atlantic ocean,Sunk,1941-08-03
U-402,48.9333,-29.6833,The Atlantic ocean,Sunk,1943-10-13
U-403,13.42,-17.36,The Atlantic ocean,Sunk,1943-08-18
U-404,45.53,-9.25,The Atlantic ocean,Sunk,1943-07-28
U-405,49.0,-31.14,The Atlantic ocean,Sunk,1943-11-01
U-406,48.533333,-23.6,The Atlantic ocean,Sunk,1944-02-18
U-407,36.45,24.55,The Mediterranean Sea,Sunk,1944-09-19
U-408,67.4,-18.32,The Atlantic ocean,Sunk,1942-11-05
U-409,37.2,4.0,The Mediterranean Sea,Sunk,1943-07-12
U-410,43.07,5.55,The Mediterranean Sea,Sunk,1944-03-11
U-411,36.0,-9.883333,The Atlantic ocean,Sunk,1942-11-13
U-412,63.916667,0.4,The Atlantic ocean,Sunk,1942-10-22
U-413,50.35,-0.016667,The English channel,Sunk,1944-08-20
U-414,36.31,0.4,The Mediterranean Sea,Sunk,1943-05-25
U-415,48.4,-4.5,The Atlantic ocean,Sunk,1944-07-14
U-416,54.51,14.35,The Baltic Sea,Sunk,1944-12-12
U-417,63.333333,-10.5,The Atlantic ocean,Sunk,1943-06-11
U-418,47.083333,-8.916667,The Atlantic ocean,Sunk,1943-05-30
U-419,56.31,-27.05,The Atlantic ocean,Sunk,1943-10-08
U-420,48.0,-21.0,The Atlantic ocean,Missing,1943-10-20
U-421,43.07,5.55,The Mediterranean Sea,Sunk,1944-04-29
U-422,43.13,-28.58,The Atlantic ocean,Sunk,1943-10-04
U-423,63.06,2.05,The Atlantic ocean,Sunk,1944-06-17
U-424,50.0,-18.14,The Atlantic ocean,Sunk,1944-02-11
U-425,69.39,35.5,The Barents Sea,Sunk,1945-02-17
U-426,46.7833,-10.7,The Atlantic ocean,Sunk,1944-01-08
U-427,68.45515,17.439119,The Norwegian Sea,Surrendered,1945-05-09
U-428,54.3167,9.6667,The Baltic Sea,Scuttled,1945-05-05
U-429,53.567705,8.166849,The Atlantic ocean,Sunk,1945-03-30
U-430,53.111043,8.730858,The Baltic Sea,Sunk,1945-03-30
U-431,37.383333,0.583333,The Mediterranean Sea,Sunk,1943-10-21
U-432,51.5833,-28.3333,The Atlantic ocean,Sunk,1943-03-11
U-433,36.216667,-4.7,The Mediterranean Sea,Sunk,1941-11-16
U-434,36.25,-15.8,The Atlantic ocean,Sunk,1941-12-18
U-435,39.3333,-13.0,The Atlantic ocean,Sunk,1943-07-09
U-436,43.8167,-15.9333,The Atlantic ocean,Sunk,1943-05-26
U-437,60.392054,5.260273,The North Sea,Stricken,1944-10-05
U-438,52.0,-45.1,The Atlantic ocean,Sunk,1943-05-06
U-439,43.533333,-13.333333,The Atlantic ocean,Sunk,1943-05-04
U-440,44.821911,-12.835692,The Atlantic ocean,Sunk,1943-05-31
U-441,49.6167,-3.6833,The English channel,Sunk,1944-06-30
U-442,37.5333,-11.9333,The Atlantic ocean,Sunk,1943-02-12
U-443,36.916667,2.416667,The Mediterranean Sea,Sunk,1943-02-23
U-444,51.233333,-29.3,The Atlantic ocean,Sunk,1943-03-11
U-445,47.35,-5.8333,The Atlantic ocean,Sunk,1944-08-24
U-446,54.45,18.9167,The Baltic Sea,Scuttled,1945-05-03
U-447,35.5,-11.9167,The Atlantic ocean,Sunk,1943-05-07
U-448,46.3667,-19.5833,The Atlantic ocean,Sunk,1944-04-14
U-449,45.0,-11.983333,The Atlantic ocean,Sunk,1943-06-24
U-450,41.183333,12.45,The Mediterranean Sea,Sunk,1944-03-10
U-451,35.916667,-6.133333,The Atlantic ocean,Sunk,1941-12-21
U-452,61.5,-15.5,The Atlantic ocean,Sunk,1941-08-25
U-453,38.216667,16.5,The Mediterranean Sea,Sunk,1944-05-21
U-454,45.6,-10.3833,The Atlantic ocean,Sunk,1943-08-01
U-455,44.31,9.048333,The Mediterranean Sea,Sunk,1944-04-05
U-456,46.65,-26.9,The Atlantic ocean,Sunk,1943-05-12
U-457,75.0833,43.25,The Barents Sea,Sunk,1942-09-16
U-458,36.416667,12.65,The Mediterranean Sea,Sunk,1943-08-22
U-459,45.8833,-10.6333,The Atlantic ocean,Sunk,1943-07-24
U-460,43.3,-28.966667,The Atlantic ocean,Sunk,1943-10-04
U-461,45.55,-10.8,The Atlantic ocean,Sunk,1943-07-30
U-462,45.55,-10.966667,The Atlantic ocean,Sunk,1943-07-30
U-463,45.95,-11.666667,The Atlantic ocean,Sunk,1943-05-16
U-464,61.416667,-14.666667,The Atlantic ocean,Sunk,1942-08-20
U-465,44.8,-8.9667,The Atlantic ocean,Sunk,1943-05-02
U-466,43.0833,5.9333,The Mediterranean Sea,Scuttled,1944-08-19
U-467,62.4167,-14.8667,The Atlantic ocean,Sunk,1943-05-25
U-468,12.333333,-20.116667,The Atlantic ocean,Sunk,1943-08-11
U-469,62.2,16.666667,The Atlantic ocean,Sunk,1943-03-25
U-470,58.3333,-29.3333,The Atlantic ocean,Sunk,1943-10-16
U-471,43.116667,5.916667,The Mediterranean Sea,Sunk,1944-08-06
U-472,73.0833,26.6667,The Barents Sea,Sunk,1944-03-04
U-473,49.483333,-21.366667,The Atlantic ocean,Sunk,1944-05-06
U-475,54.373789,10.176135,The Baltic Sea,Scuttled,1945-05-03
U-476,65.1333,4.8833,The Atlantic ocean,Scuttled,1944-05-25
U-477,63.9833,1.6167,The Atlantic ocean,Sunk,1944-06-03
U-478,63.45,-0.8333,The Atlantic ocean,Sunk,1944-06-30
U-479,59.333333,23.166667,The Baltic Sea,Sunk,1944-11-27
U-480,50.367778,-1.736111,The English channel,Sunk,1945-01-29
U-481,68.45515,17.439119,The Norwegian Sea,Surrendered,1945-05-09
U-482,60.3,-4.8667,The Atlantic ocean,Sunk,1944-11-25
U-483,63.437945,10.380543,The Norwegian Sea,Surrendered,1945-05-09
U-484,55.75,-11.6833,The Atlantic ocean,Sunk,1944-09-09
U-485,36.142354,-5.372359,The Mediterranean Sea,Surrendered,1945-05-12
U-486,60.733333,4.65,The North Sea,Sunk,1945-04-12
U-487,27.25,-34.3,The Atlantic ocean,Sunk,1943-07-13
U-488,17.9,-38.083333,The Atlantic ocean,Sunk,1944-04-26
U-489,61.183333,-14.633333,The Atlantic ocean,Sunk,1943-08-04
U-490,42.783333,-40.133333,The Atlantic ocean,Sunk,1944-06-12
U-501,62.833333,-37.833333,The Atlantic ocean,Sunk,1941-09-10
U-502,46.166667,-6.666667,The Atlantic ocean,Sunk,1942-07-06
U-503,45.833333,-48.833333,The Atlantic ocean,Sunk,1942-03-15
U-504,45.55,-10.933333,The Atlantic ocean,Sunk,1943-07-30
U-505,21.5,-19.3333,The Atlantic ocean,Captured,1944-06-04
U-506,42.5,-16.5,The Atlantic ocean,Sunk,1943-07-12
U-507,1.633333,-39.866667,The Atlantic ocean,Sunk,1943-01-13
U-508,46.0,-7.5,The Atlantic ocean,Sunk,1943-11-12
U-509,34.033333,-26.016667,The Atlantic ocean,Sunk,1943-07-15
U-510,47.288719,-2.08656,The Atlantic ocean,Captured,1945-05-10
U-511,35.681905,135.387964,The Sea of Japan,Surrendered,1945-08-01
U-512,6.833333,-52.416667,The Atlantic ocean,Sunk,1942-01-02
U-513,-27.283333,-47.533333,The Atlantic ocean,Sunk,1943-07-19
U-514,43.6167,-8.9833,The Atlantic ocean,Sunk,1943-07-08
U-515,34.583,-19.3,The Atlantic ocean,Sunk,1944-04-09
U-516,56.1,-9.0,The Atlantic ocean,Surrendered,1945-05-14
U-517,46.266667,-17.15,The Atlantic ocean,Sunk,1942-11-21
U-518,43.433333,-38.383333,The Atlantic ocean,Sunk,1945-04-22
U-519,47.106434,-4.142203,The Atlantic ocean,Missing,1943-01-31
U-520,47.783333,-49.833333,The Atlantic ocean,Sunk,1942-10-30
U-521,37.7167,-73.2667,The Atlantic ocean,Sunk,1943-06-02
U-522,31.45,-26.366667,The Atlantic ocean,Sunk,1943-02-23
U-523,42.05,-18.033333,The Atlantic ocean,Sunk,1943-08-25
U-524,30.25,-18.216667,The Atlantic ocean,Sunk,1943-03-22
U-525,-6.2,111.28,The Indian Ocean,Sunk,1943-08-11
U-526,-6.2,111.28,The Indian Ocean,Sunk,1943-04-14
U-527,32.25,-27.9333,The Atlantic ocean,Sunk,1943-07-23
U-528,46.916667,-14.733333,The Atlantic ocean,Sunk,1943-05-11
U-529,55.75,-31.15,The Atlantic ocean,Sunk,1943-02-15
U-530,-38.039083,-57.516835,The Atlantic ocean,Surrendered,1945-07-10
U-531,52.8,-45.3,The Atlantic ocean,Sunk,1943-05-06
U-532,56.133333,-10.116667,The Atlantic ocean,Surrendered,1945-05-13
U-533,25.466667,56.833333,The Persian Gulf,Sunk,1943-10-16
U-534,56.75,11.8667,The Baltic Sea,Sunk,1945-05-05
U-535,43.633333,-9.216667,The Atlantic ocean,Sunk,1943-07-05
U-536,43.833333,-19.65,The Atlantic ocean,Sunk,1943-11-20
U-537,-7.216667,115.283333,The Indian Ocean,Sunk,1944-11-10
U-538,45.666667,-19.583333,The Atlantic ocean,Sunk,1943-11-21
U-539,60.188926,5.221883,The North Sea,Surrendered,1945-05-09
U-540,58.633333,-31.933333,The Atlantic ocean,Sunk,1943-10-17
U-541,36.124289,-5.374318,The Mediterranean Sea,Surrendered,1945-05-12
U-542,39.5833,-19.85,The Atlantic ocean,Sunk,1943-11-28
U-543,25.566667,-21.6,The Atlantic ocean,Sunk,1944-07-02
U-544,40.5,37.333333,The Atlantic ocean,Sunk,1944-01-16
U-545,58.2833,-13.3667,The Atlantic ocean,Scuttled,1944-02-10
U-546,43.883333,-40.116667,The Atlantic ocean,Sunk,1945-04-24
U-547,45.216878,-0.729426,The Atlantic ocean,Scuttled,1944-12-31
U-548,42.3167,-61.75,The Atlantic ocean,Sunk,1945-04-19
U-549,31.216667,-23.05,The Atlantic ocean,Sunk,1944-05-29
U-550,40.15,-69.733333,The Atlantic ocean,Sunk,1944-04-16
U-551,62.616667,-16.783333,The Atlantic ocean,Sunk,1941-03-23
U-552,53.55079,8.190102,The North Sea,Scuttled,1945-05-05
U-553,48.25,-15.5833,The Atlantic ocean,Missing,1943-01-20
U-554,53.85,8.166667,The North Sea,Scuttled,1945-05-05
U-555,53.534137,9.819965,The North Sea,Surrendered,1945-05-03
U-556,60.4,-20.0,The Atlantic ocean,Sunk,1941-06-27
U-557,35.31,23.19,The Mediterranean Sea,Sunk,1941-12-16
U-558,45.166667,-9.7,The Atlantic ocean,Sunk,1943-07-20
U-559,32.5,33.0,The Mediterranean Sea,Sunk,1942-10-30
U-560,54.345992,10.162667,The Baltic Sea,Scuttled,1945-05-03
U-561,38.2667,15.65,The Mediterranean Sea,Sunk,1943-07-12
U-562,32.95,20.9,The Mediterranean Sea,Sunk,1943-02-19
U-563,46.583333,-10.666667,The Atlantic ocean,Sunk,1943-05-31
U-564,44.2833,-10.4167,The Atlantic ocean,Sunk,1943-06-14
U-565,37.9833,23.5667,The Mediterranean Sea,Scuttled,1944-09-30
U-566,41.2,-9.516667,The Atlantic ocean,Scuttled,1943-10-24
U-567,44.0333,-20.1667,The Atlantic ocean,Sunk,1941-12-21
U-568,32.7,24.8833,The Mediterranean Sea,Sunk,1942-05-28
U-569,50.6667,-35.35,The Atlantic ocean,Scuttled,1943-05-22
U-570,62.25,-18.5833,The Atlantic ocean,Captured,1941-08-27
U-571,52.683333,-14.45,The Atlantic ocean,Sunk,1944-01-28
U-572,11.583333,-54.083333,The Atlantic ocean,Sunk,1943-08-03
U-573,37.0,-1.0,The Mediterranean Sea,Sold to Spain,1942-08-02
U-574,38.2,-17.3833,The Atlantic ocean,Sunk,1941-12-19
U-575,46.3,-27.5667,The Atlantic ocean,Sunk,1944-03-13
U-576,34.85,-75.3667,The Atlantic ocean,Sunk,1942-07-15
U-577,32.666667,25.8,The Mediterranean Sea,Sunk,1942-01-15
U-578,45.927587,-4.179977,The Atlantic ocean,Missing,1942-08-06
U-579,56.1783,11.0667,The North Sea,Sunk,1945-05-05
U-580,55.75,20.6667,The Baltic Sea,Sunk,1941-11-11
U-581,38.4,-28.5,The Atlantic ocean,Sunk,1942-02-02
U-582,58.8667,-21.7,The Atlantic ocean,Sunk,1942-10-05
U-583,55.3083,16.8917,The Baltic Sea,Sunk,1941-11-15
U-584,49.233333,-31.916667,The Atlantic ocean,Sunk,1943-10-31
U-585,70.0,34.0,The Barents Sea,Sunk,1942-03-30
U-586,43.1167,5.9167,The Mediterranean Sea,Sunk,1944-07-05
U-587,47.35,-21.65,The Atlantic ocean,Sunk,1942-03-27
U-588,49.9833,-36.6,The Atlantic ocean,Sunk,1942-07-31
U-589,75.6667,20.5333,The Barents Sea,Sunk,1942-09-14
U-590,3.3667,-48.6333,The Atlantic ocean,Sunk,1943-07-09
U-591,-8.6,-34.5667,The Atlantic ocean,Sunk,1943-07-30
U-592,50.3333,-17.4833,The Atlantic ocean,Sunk,1944-01-31
U-593,37.6333,5.9667,The Mediterranean Sea,Sunk,1943-12-13
U-594,36.0333,-10.4667,The Atlantic ocean,Sunk,1943-06-05
U-595,36.633333,0.5,The Mediterranean Sea,Sunk,1942-11-14
U-596,37.983333,23.566667,The Mediterranean Sea,Scuttled,1944-09-30
U-597,56.8333,-28.0833,The Atlantic ocean,Sunk,1942-10-12
U-598,-4.083333,-33.383333,The Atlantic ocean,Sunk,1943-07-23
U-599,46.1167,-17.6667,The Atlantic ocean,Sunk,1942-10-24
U-600,40.516667,-22.116667,The Atlantic ocean,Sunk,1943-11-25
U-601,70.433333,12.666667,The Barents Sea,Sunk,1944-02-25
U-602,36.833333,-0.0,The Mediterranean Sea,Missing,1943-04-19
U-603,48.95,-23.75,The Atlantic ocean,Missing,1944-02-19
U-604,-4.25,-21.3333,The Atlantic ocean,Scuttled,1943-08-11
U-605,36.333333,-1.016667,The Mediterranean Sea,Sunk,1942-11-14
U-606,47.733333,-33.716667,The Atlantic ocean,Sunk,1943-02-22
U-607,45.033333,-9.233333,The Atlantic ocean,Sunk,1943-07-13
U-608,46.5,-3.133333,The Atlantic ocean,Scuttled,1944-08-10
U-609,54.933333,-28.183333,The Atlantic ocean,Sunk,1943-02-06
U-610,55.75,-24.55,The Atlantic ocean,Sunk,1943-10-08
U-611,57.416667,-35.316667,The Atlantic ocean,Sunk,1942-12-08
U-612,54.1833,12.0833,The Baltic Sea,Scuttled,1945-05-01
U-613,35.533333,-28.6,The Atlantic ocean,Sunk,1943-07-23
U-614,46.7,-11.05,The Atlantic ocean,Sunk,1943-07-29
U-615,12.633333,-64.25,The Caribbean Sea,Sunk,1943-08-07
U-616,36.766667,0.866667,The Mediterranean Sea,Sunk,1944-05-17
U-617,35.633333,-3.45,The Mediterranean Sea,Sunk,1943-09-12
U-618,47.366667,-4.65,The Atlantic ocean,Sunk,1944-08-14
U-619,58.683333,-22.966667,The Atlantic ocean,Sunk,1942-10-05
U-620,39.3,-11.283333,The Atlantic ocean,Sunk,1943-02-13
U-621,45.866667,-2.6,The Atlantic ocean,Sunk,1944-08-18
U-622,63.45,10.383333,The North Sea,Sunk,1943-07-24
U-623,48.133333,-29.616667,The Atlantic ocean,Sunk,1943-02-21
U-624,55.7,-26.283333,The Atlantic ocean,Sunk,1943-02-07
U-625,52.583333,-20.316667,The Atlantic ocean,Sunk,1944-03-10
U-626,58.666667,-20.0,The Atlantic ocean,Missing,1942-12-14
U-627,59.14,-22.49,The Atlantic ocean,Sunk,1942-10-27
U-628,44.183333,-8.75,The Atlantic ocean,Sunk,1943-07-03
U-629,48.566667,-5.383333,The Atlantic ocean,Sunk,1944-06-07
U-630,52.516667,-44.833333,The Atlantic ocean,Sunk,1943-05-06
U-631,58.216667,-32.483333,The Atlantic ocean,Sunk,1943-10-17
U-632,58.033333,-28.7,The Atlantic ocean,Sunk,1943-04-06
U-633,58.35,-31.0,The Atlantic ocean,Sunk,1943-03-08
U-634,40.216667,-19.4,The Atlantic ocean,Sunk,1943-08-30
U-635,58.333333,-31.866667,The Atlantic ocean,Sunk,1943-04-05
U-636,55.833333,-10.516667,The Atlantic ocean,Sunk,1945-04-21
U-637,55.583333,-7.766667,The Atlantic ocean,Surrendered,1945-05-09
U-638,54.2,-44.083333,The Atlantic ocean,Sunk,1943-05-05
U-639,76.816667,69.7,The Barents Sea,Sunk,1943-08-28
U-640,60.533333,-31.083333,The Atlantic ocean,Sunk,1943-05-14
U-641,50.416667,-18.816667,The Atlantic ocean,Sunk,1944-01-19
U-642,43.116667,5.916667,The Mediterranean Sea,Sunk,1944-07-05
U-643,56.233333,-26.916667,The Atlantic ocean,Scuttled,1943-10-08
U-644,69.633333,-5.666667,The Norwegian Sea,Sunk,1943-04-07
U-645,49.5,-22.2,The Atlantic ocean,Missing,1943-12-12
U-646,62.166667,-14.5,The Atlantic ocean,Sunk,1943-05-17
U-647,59.891667,-2.383889,The North Sea,Missing,1943-07-28
U-648,45.15,-19.75,The Atlantic ocean,Missing,1943-11-22
U-649,55.25,17.25,The Baltic Sea,Sunk,1943-02-24
U-650,49.851667,-5.485833,The Atlantic ocean,Sunk,1945-01-07
U-651,59.866667,-18.6,The Atlantic ocean,Sunk,1941-06-29
U-652,31.916667,25.183333,The Mediterranean Sea,Scuttled,1942-06-02
U-653,53.766667,-24.583333,The Atlantic ocean,Sunk,1944-03-15
U-654,12.0,-79.933333,The Caribbean Sea,Sunk,1942-08-22
U-655,73.0,21.0,The Barents Sea,Sunk,1942-03-24
U-656,46.25,-53.25,The Atlantic ocean,Sunk,1942-03-01
U-657,58.9,-42.55,The Atlantic ocean,Sunk,1943-05-17
U-658,50.533333,-46.533333,The Atlantic ocean,Sunk,1942-10-30
U-659,43.533333,-13.333333,The Atlantic ocean,Sunk,1943-05-04
U-660,36.116667,-1.0,The Mediterranean Sea,Sunk,1942-11-12
U-661,53.7,-35.933333,The Atlantic ocean,Sunk,1942-10-15
U-662,3.933333,-48.766667,The Atlantic ocean,Sunk,1943-07-21
U-663,46.833333,-10.0,The Atlantic ocean,Sunk,1943-05-08
U-664,40.2,-37.483333,The Atlantic ocean,Sunk,1943-08-09
U-665,47.673127,-9.356885,The Atlantic ocean,Missing,1943-03-22
U-666,53.93333,-17.2667,The Atlantic ocean,Sunk,1944-02-10
U-667,46.1,-1.6,The Atlantic ocean,Sunk,1944-08-26
U-668,68.441772,17.290551,The Norwegian Sea,Surrendered,1945-05-09
U-669,45.55,-3.8333,The Atlantic ocean,Missing,1943-08-30
U-670,54.833333,19.25,The Baltic Sea,Sunk,1943-08-20
U-671,50.383333,0.1,The English channel,Sunk,1944-08-04
U-672,50.05,-2.5,The English channel,Scuttled,1944-07-18
U-673,59.283333,5.95,The North Sea,Sunk,1944-10-24
U-674,70.533333,4.616667,The Norwegian Sea,Sunk,1944-05-02
U-675,62.45,3.0667,The North Sea,Sunk,1944-05-24
U-676,59.5,23.0,The Baltic Sea,Sunk,1945-02-12
U-677,53.5433,9.855,The North Sea,Sunk,1945-05-09
U-678,50.533333,-0.383333,The English channel,Sunk,1944-07-06
U-679,59.433333,24.116667,The Baltic Sea,Sunk,1945-01-09
U-680,55.571749,9.90761,The Baltic Sea,Surrendered,1945-05-05
U-681,49.883333,-6.516667,The Atlantic ocean,Sunk,1945-03-11
U-682,53.533333,9.95,The North Sea,Sunk,1945-03-11
U-683,55.0,-12.5,The Atlantic ocean,Missing,1945-02-20
U-701,35.238833,-75.1115,The Atlantic ocean,Sunk,1942-07-07
U-702,56.566667,6.266667,The North Sea,Sunk,1942-03-31
U-703,67.685743,9.015936,The Norwegian Sea,Missing,1944-09-16
U-704,53.110577,8.733386,The North Sea,Scuttled,1945-04-30
U-705,46.7,-11.1167,The Atlantic ocean,Sunk,1942-09-03
U-706,46.25,-10.416667,The Atlantic ocean,Sunk,1943-08-02
U-707,40.516667,-20.283333,The Atlantic ocean,Sunk,1943-11-09
U-708,53.557304,8.17196,The North Sea,Scuttled,1945-05-05
U-709,49.25,-23.2333,The Atlantic ocean,Missing,1944-02-19
U-710,61.416667,-19.8,The Atlantic ocean,Sunk,1943-04-24
U-711,68.8,16.633333,The Norwegian Sea,Sunk,1945-05-04
U-712,58.131356,8.040661,The North Sea,Surrendered,1945-05-09
U-713,69.45,4.883333,The Norwegian Sea,Missing,1944-02-24
U-714,55.95,-1.95,The North Sea,Sunk,1945-03-14
U-715,62.916667,-2.983333,The Norwegian Sea,Sunk,1944-06-13
U-716,68.435598,17.209667,The Norwegian Sea,Surrendered,1945-05-09
U-717,54.816667,9.45,The Baltic Sea,Scuttled,1945-05-05
U-718,55.35,15.4,The Baltic Sea,Sunk,1943-11-18
U-719,55.55,-11.033333,The Atlantic ocean,Sunk,1944-06-26
U-720,54.182775,7.931195,The North Sea,Surrendered,1945-05-05
U-721,54.8,9.816667,The Baltic Sea,Scuttled,1945-05-05
U-722,57.15,-6.916667,The Atlantic ocean,Sunk,1945-03-27
U-731,35.9,-5.75,The Atlantic ocean,Sunk,1944-05-15
U-732,35.9,-5.866667,The Atlantic ocean,Scuttled,1943-10-31
U-733,54.8,9.8167,The Baltic Sea,Scuttled,1945-05-05
U-734,49.716667,-16.383333,The Atlantic ocean,Sunk,1944-02-09
U-735,59.467,10.478,The North Sea,Sunk,1944-12-28
U-736,47.3167,-4.2667,The Atlantic ocean,Sunk,1944-08-06
U-737,68.15,15.65,The Norwegian Sea,Sunk,1944-12-19
U-738,54.5333,18.6,The Baltic Sea,Sunk,1944-02-14
U-739,53.539327,8.187371,The North Sea,Surrendered,1945-05-13
U-740,48.45,-5.7833,The Atlantic ocean,Sunk,1944-06-08
U-741,50.033333,-0.6,The English channel,Sunk,1944-08-15
U-742,68.4,9.85,The Norwegian Sea,Sunk,1944-07-18
U-743,64.114298,4.868571,The Norwegian Sea,Missing,1944-08-22
U-744,52.0167,-22.6167,The Atlantic ocean,Sunk,1944-03-06
U-745,59.5,23.0,The Baltic Sea,Sunk,1945-01-31
U-746,54.867248,9.800798,The Baltic Sea,Scuttled,1945-05-05
U-747,53.541044,9.882015,The North Sea,Scuttled,1945-05-05
U-748,54.35,9.7667,The North Sea,Scuttled,1945-05-05
U-749,54.32798,10.166076,The Baltic Sea,Sunk,1945-04-04
U-750,54.830547,9.498659,The Baltic Sea,Scuttled,1945-05-05
U-751,45.2333,-12.3667,The Atlantic ocean,Sunk,1942-07-17
U-752,51.6667,-29.8167,The Atlantic ocean,Scuttled,1943-05-23
U-753,48.616667,-22.65,The Atlantic ocean,Sunk,1943-05-13
U-754,43.0333,-64.8667,The Atlantic ocean,Sunk,1942-07-31
U-755,39.966667,1.683333,The Mediterranean Sea,Sunk,1943-05-28
U-756,58.133333,-27.55,The Atlantic ocean,Sunk,1941-09-01
U-757,50.55,-18.05,The Atlantic ocean,Sunk,1944-01-08
U-758,54.328181,10.166078,The Baltic Sea,Stricken,1945-03-16
U-759,15.966667,-73.733333,The Caribbean Sea,Sunk,1943-07-15
U-760,42.238817,-8.737669,The Atlantic ocean,Captured,1943-09-08
U-761,35.916667,-5.75,The Atlantic ocean,Scuttled,1944-02-24
U-762,49.033333,-16.966667,The Atlantic ocean,Sunk,1944-02-08
U-763,54.7,20.533333,The Baltic Sea,Scuttled,1945-01-29
U-764,58.484931,-4.689115,The Atlantic ocean,Surrendered,1945-05-14
U-765,52.3,-28.28,The Atlantic ocean,Sunk,1944-05-06
U-766,46.184647,-1.218306,The Atlantic ocean,Stricken,1944-08-24
U-767,49.05,-3.216667,The English channel,Sunk,1944-06-18
U-768,54.5,19.25,The Baltic Sea,Sunk,1943-11-20
U-771,69.17,16.28,The Norwegian Sea,Sunk,1944-11-11
U-772,51.266667,-8.083333,The Atlantic ocean,Sunk,1944-12-17
U-773,63.449064,10.396836,The Norwegian Sea,Surrendered,1945-05-09
U-774,49.966667,-11.85,The Atlantic ocean,Sunk,1945-04-08
U-775,63.449064,10.396836,The Norwegian Sea,Surrendered,1945-05-09
U-776,50.624278,-2.427758,The English channel,Surrendered,1945-05-16
U-777,53.85,8.166667,The North Sea,Sunk,1944-10-15
U-778,60.399007,5.289456,The Norwegian Sea,Surrendered,1945-05-09
U-779,53.864076,8.733151,The North Sea,Surrendered,1945-05-05
U-792,54.19,9.43,The North Sea,Scuttled,1945-05-04
U-793,54.19,9.43,The North Sea,Scuttled,1945-05-04
U-794,54.742517,10.167037,The Baltic Sea,Scuttled,1945-05-05
U-795,54.340784,10.162799,The Baltic Sea,Scuttled,1945-05-03
U-801,16.7,-30.466667,The Atlantic ocean,Scuttled,1944-03-17
U-802,58.497194,-4.682335,The Atlantic ocean,Surrendered,1945-05-11
U-803,53.916667,14.283333,The Baltic Sea,Sunk,1944-04-27
U-804,57.966667,11.25,The North Sea,Sunk,1945-04-09
U-805,43.04724,-70.688562,The Atlantic ocean,Surrendered,1945-05-15
U-806,56.15868,10.236046,The North Sea,Surrendered,1945-05-06
U-821,48.516667,-5.183333,The Atlantic ocean,Sunk,1944-06-10
U-822,53.544902,8.557562,The North Sea,Scuttled,1945-05-05
U-825,58.497194,-4.682335,The Atlantic ocean,Surrendered,1945-05-13
U-826,58.497194,-4.682335,The Atlantic ocean,Surrendered,1945-05-11
U-827,54.815087,9.451827,The North Sea,Scuttled,1945-05-05
U-828,53.544902,8.557562,The North Sea,Scuttled,1945-05-05
U-841,59.95,-31.1,The Atlantic ocean,Scuttled,1943-10-17
U-842,43.7,-42.133333,The Atlantic ocean,Sunk,1943-11-06
U-843,57.533333,11.383333,The North Sea,Sunk,1945-04-09
U-844,58.5,-27.266667,The Atlantic ocean,Sunk,1943-10-16
U-845,48.333333,-20.55,The Atlantic ocean,Sunk,1944-03-10
U-846,46.066667,-9.333333,The Atlantic ocean,Sunk,1944-05-04
U-847,28.316667,-37.966667,The Atlantic ocean,Sunk,1943-08-27
U-848,-10.15,-18.0,The Atlantic ocean,Sunk,1943-11-05
U-849,-6.5,-5.666667,The Atlantic ocean,Sunk,1943-11-25
U-850,32.9,-37.016667,The Atlantic ocean,Sunk,1943-12-20
U-851,42.45,-46.9,The Atlantic ocean,Missing,1944-03-27
U-852,9.533333,50.983333,The Indian Ocean,Scuttled,1944-05-03
U-853,41.217,-71.45,The Atlantic ocean,Sunk,1945-05-06
U-854,54.016667,14.266667,The Baltic Sea,Sunk,1944-02-04
U-855,63.166667,-12.5,The Atlantic ocean,Missing,1944-09-11
U-856,40.3,-62.366667,The Atlantic ocean,Scuttled,1944-04-07
U-857,35.983375,-73.319756,The Atlantic ocean,Missing,1945-04-30
U-858,38.835114,-75.093953,The Atlantic ocean,Surrendered,1945-05-14
U-859,5.767,100.067,The Indian Ocean,Sunk,1944-09-23
U-860,-25.45,-5.5,The Atlantic ocean,Sunk,1944-06-15
U-861,63.447748,10.389492,The Norwegian Sea,Surrendered,1945-05-09
U-862,1.230245,103.823636,The Indian Ocean,Surrendered,1945-08-02
U-863,-10.75,-25.5,The Atlantic ocean,Sunk,1944-09-29
U-864,60.765049,4.53901,The Norwegian Sea,Sunk,1945-02-09
U-865,64.005988,7.918092,The Norwegian Sea,Missing,1944-09-09
U-866,43.18,-61.08,The Atlantic ocean,Sunk,1945-03-18
U-867,62.25,1.8333,The Norwegian Sea,Scuttled,1944-09-19
U-868,60.388464,5.302045,The North Sea,Surrendered,1945-05-09
U-869,39.33,-73.2,The Atlantic ocean,Sunk,1945-02-11
U-870,53.104864,8.738393,The North Sea,Sunk,1945-03-30
U-871,43.3,-36.466667,The Atlantic ocean,Sunk,1944-09-26
U-872,53.098686,8.740132,The North Sea,Broken up,1944-08-10
U-873,43.073413,-70.723128,The Atlantic ocean,Surrendered,1945-05-16
U-874,59.336099,10.587464,The North Sea,Surrendered,1945-05-09
U-875,60.408329,5.287607,The North Sea,Surrendered,1945-05-09
U-876,54.46531,9.847852,The Baltic Sea,Scuttled,1945-05-03
U-877,46.416667,-36.633333,The Atlantic ocean,Sunk,1944-12-27
U-878,47.583333,-10.55,The Atlantic ocean,Sunk,1945-04-10
U-879,36.566667,-74.0,The Atlantic ocean,Sunk,1945-04-30
U-880,47.883333,-30.433333,The Atlantic ocean,Sunk,1945-04-16
U-881,43.3,-47.733333,The Atlantic ocean,Sunk,1945-05-06
U-883,53.885103,8.711897,The North Sea,Surrendered,1945-05-05
U-889,43.479993,-65.310205,The Atlantic ocean,Surrendered,1945-05-13
U-901,58.975207,5.760662,The North Sea,Surrendered,1945-05-15
U-903,54.803322,9.882213,The Baltic Sea,Scuttled,1945-05-05
U-904,54.470878,9.93287,The Baltic Sea,Scuttled,1945-05-04
U-905,58.566667,-5.766667,The Atlantic ocean,Sunk,1945-03-27
U-907,60.393579,5.295185,The North Sea,Surrendered,1945-05-09
U-921,74.75,13.833333,The Barents Sea,Missing,1944-09-24
U-922,54.328192,10.15364,The Baltic Sea,Scuttled,1945-05-03
U-923,54.516667,10.3,The Baltic Sea,Sunk,1945-02-09
U-924,54.328192,10.15364,The Baltic Sea,Scuttled,1945-05-03
U-925,57.997693,5.980852,The North Sea,Missing,1944-08-25
U-926,60.394255,5.293973,The North Sea,Surrendered,1945-05-09
U-927,49.9,-4.75,The English channel,Sunk,1945-02-24
U-928,60.394255,5.293973,The North Sea,Surrendered,1945-05-09
U-929,54.25,12.066667,The Baltic Sea,Scuttled,1945-05-01
U-930,60.394255,5.293973,The North Sea,Surrendered,1945-05-09
U-951,37.666667,-15.5,The Atlantic ocean,Sunk,1943-07-07
U-952,43.093831,5.930084,The Mediterranean Sea,Captured,1944-08-02
U-953,63.436844,10.381135,The Norwegian Sea,Surrendered,1945-05-09
U-954,54.9,-34.316667,The Atlantic ocean,Sunk,1943-05-19
U-955,45.216667,-8.5,The Atlantic ocean,Sunk,1944-06-07
U-956,58.490672,-4.686915,The Atlantic ocean,Surrendered,1945-05-13
U-957,68.454308,17.393468,The Norwegian Sea,Stricken,1944-10-21
U-958,54.329717,10.163239,The Baltic Sea,Scuttled,1945-05-03
U-959,69.333333,-0.333333,The Norwegian Sea,Sunk,1944-05-02
U-960,37.333333,1.583333,The Mediterranean Sea,Sunk,1944-05-19
U-961,64.516667,-3.316667,The Atlantic ocean,Sunk,1944-03-29
U-962,45.716667,-19.95,The Atlantic ocean,Sunk,1944-04-08
U-963,39.6,-9.083333,The Atlantic ocean,Scuttled,1945-05-20
U-964,57.45,-28.283333,The Atlantic ocean,Sunk,1943-10-16
U-965,39.6,-9.083333,The Atlantic ocean,Sunk,1945-03-30
U-966,43.768889,-7.633333,The Atlantic ocean,Sunk,1943-11-10
U-967,43.116667,5.916667,The Mediterranean Sea,Scuttled,1944-08-19
U-968,68.454308,17.393468,The Norwegian Sea,Surrendered,1945-05-09
U-969,43.116667,5.916667,The Mediterranean Sea,Sunk,1944-08-06
U-970,45.25,-4.166667,The Atlantic ocean,Sunk,1944-06-08
U-971,49.016667,-5.883333,The Atlantic ocean,Sunk,1944-06-24
U-972,60.5,-20.0,The Atlantic ocean,Missing,1943-12-15
U-973,70.666667,5.8,The Norwegian Sea,Sunk,1944-03-06
U-974,59.133333,5.383333,The North Sea,Sunk,1944-04-19
U-975,59.42135,10.531852,The North Sea,Surrendered,1945-05-09
U-976,46.5,-2.41,The Atlantic ocean,Sunk,1944-03-25
U-977,-37.994782,-57.536151,The Atlantic ocean,Surrendered,1945-08-17
U-978,63.448046,10.37828,The Norwegian Sea,Surrendered,1945-05-09
U-979,54.633333,8.383333,The North Sea,Scuttled,1945-05-24
U-980,63.116667,0.433333,The Norwegian Sea,Sunk,1944-06-11
U-981,46.15,-1.583333,The Atlantic ocean,Sunk,1944-08-12
U-982,53.535,9.850833,The North Sea,Sunk,1945-04-09
U-983,54.933333,17.233333,The Baltic Sea,Sunk,1943-09-08
U-984,50.0622,-0.54,The English channel,Sunk,1944-08-02
U-985,58.141998,8.004285,The North Sea,Stricken,1944-11-15
U-986,51.5,-20.0,The Atlantic ocean,Missing,1944-04-10
U-987,68.016667,5.133333,The Norwegian Sea,Sunk,1944-06-15
U-988,50.0217,-2.995,The English channel,Sunk,1944-06-22
U-989,61.6,-1.583333,The Norwegian Sea,Sunk,1945-02-14
U-990,65.083333,7.466667,The Norwegian Sea,Sunk,1944-05-25
U-991,60.390692,5.297793,The North Sea,Surrendered,1945-05-09
U-992,68.449416,17.417615,The Norwegian Sea,Surrendered,1945-05-09
U-993,60.392,5.2922,The Norwegian Sea,Sunk,1944-10-04
U-994,63.445978,10.411729,The Norwegian Sea,Surrendered,1945-05-09
U-995,63.445978,10.411729,The Norwegian Sea,Surrendered,1945-05-09
U-997,68.449416,17.417615,The Norwegian Sea,Surrendered,1945-05-09
U-998,60.390692,5.297793,The North Sea,Broken up,1944-06-27
U-999,54.812649,9.444936,The Baltic Sea,Scuttled,1945-05-05
U-1000,54.836595,18.331462,The Baltic Sea,Broken up,1945-03-01
U-1001,49.316667,-10.383333,The Atlantic ocean,Sunk,1945-04-08
U-1002,60.390692,5.297793,The North Sea,Surrendered,1945-05-09
U-1003,55.633333,-7.433333,The Atlantic ocean,Scuttled,1945-03-25
U-1004,60.390692,5.297793,The North Sea,Surrendered,1945-05-09
U-1005,60.390692,5.297793,The North Sea,Surrendered,1945-05-14
U-1006,60.983333,-4.816667,The Norwegian Sea,Sunk,1944-10-16
U-1007,53.9,10.833333,The Baltic Sea,Scuttled,1945-05-02
U-1008,56.233333,10.85,The Baltic Sea,Scuttled,1945-05-06
U-1009,58.496886,-4.684022,The Atlantic ocean,Surrendered,1945-05-10
U-1010,58.496886,-4.684022,The Atlantic ocean,Surrendered,1945-05-14
U-1013,54.35,13.916667,The Baltic Sea,Sunk,1944-03-17
U-1014,55.283333,-6.733333,The Atlantic ocean,Sunk,1945-02-04
U-1015,55.15,19.183333,The Baltic Sea,Sunk,1945-05-14
U-1016,54.814809,9.752395,The Baltic Sea,Scuttled,1945-05-05
U-1017,56.067,11.1,The Atlantic ocean,Sunk,1945-04-29
U-1018,49.916667,-5.366667,The Atlantic ocean,Sunk,1945-02-27
U-1019,63.436101,10.386016,The Norwegian Sea,Surrendered,1945-05-09
U-1020,56.535278,-1.301944,The North Sea,Sunk,1945-01-09
U-1021,50.555,-5.193333,The Atlantic ocean,Sunk,1945-03-14
U-1022,60.390692,5.297793,The North Sea,Surrendered,1945-05-09
U-1023,50.578074,-2.447233,The English channel,Surrendered,1945-05-10
U-1024,53.613761,-5.198741,The Atlantic ocean,Captured,1945-04-12
U-1025,54.816786,9.784173,The Baltic Sea,Scuttled,1945-05-05
U-1051,53.65,-5.383333,The Atlantic ocean,Sunk,1945-01-26
U-1052,60.390692,5.297793,The North Sea,Surrendered,1945-05-09
U-1053,60.428424,5.26335,The North Sea,Sunk,1945-02-15
U-1054,54.330689,10.156145,The Baltic Sea,Stricken,1944-09-16
U-1055,52.428922,-11.347736,The Atlantic ocean,Missing,1945-04-23
U-1056,54.809393,9.821474,The Baltic Sea,Scuttled,1945-05-05
U-1057,60.390692,5.297793,The North Sea,Surrendered,1945-05-09
U-1058,58.496886,-4.684022,The Atlantic ocean,Surrendered,1945-05-10
U-1059,13.166667,-33.733333,The Atlantic ocean,Sunk,1944-03-19
U-1060,65.4,12.0,The Norwegian Sea,Run aground,1944-10-27
U-1061,60.390692,5.297793,The North Sea,Surrendered,1945-05-09
U-1062,11.6,-34.733333,The Atlantic ocean,Sunk,1944-09-30
U-1063,50.148333,-3.89,The English channel,Sunk,1945-04-15
U-1064,63.436101,10.386016,The Norwegian Sea,Surrendered,1945-05-09
U-1065,57.8,11.433333,The North Sea,Sunk,1945-04-09
U-1101,54.761403,9.860487,The Baltic Sea,Scuttled,1945-05-05
U-1102,54.324491,10.676938,The Baltic Sea,Surrendered,1945-05-13
U-1103,53.879116,8.70138,The North Sea,Surrendered,1945-05-05
U-1104,60.390692,5.297793,The North Sea,Surrendered,1945-05-09
U-1105,58.496886,-4.684022,The Atlantic ocean,Surrendered,1945-05-10
U-1106,61.766667,-2.266667,The Norwegian Sea,Sunk,1945-03-29
U-1107,48.0,-6.5,The Atlantic ocean,Sunk,1945-04-30
U-1108,59.285862,10.544334,The North Sea,Surrendered,1945-05-09
U-1109,58.496886,-4.684022,The Atlantic ocean,Surrendered,1945-05-12
U-1110,54.963703,8.376812,The North Sea,Surrendered,1945-05-14
U-1131,53.542569,9.907424,The North Sea,Sunk,1945-03-30
U-1132,54.830567,9.421345,The Baltic Sea,Scuttled,1945-05-05
U-1161,54.830567,9.421345,The Baltic Sea,Scuttled,1945-05-05
U-1162,54.760046,9.863418,The Baltic Sea,Scuttled,1945-05-05
U-1163,58.139544,8.012641,The North Sea,Surrendered,1945-05-09
U-1164,54.328465,10.157183,The Baltic Sea,Sunk,1944-07-24
U-1165,68.449211,17.417211,The Norwegian Sea,Surrendered,1945-05-09
U-1166,54.327849,10.165824,The Baltic Sea,Scuttled,1945-05-03
U-1167,53.540598,9.889009,The North Sea,Sunk,1945-03-30
U-1168,54.883333,9.616667,The Baltic Sea,Scuttled,1945-05-04
U-1169,49.966667,-5.416667,The Atlantic ocean,Sunk,1945-03-29
U-1170,53.983333,10.933333,The Baltic Sea,Scuttled,1945-05-02
U-1171,58.985619,5.713489,The North Sea,Surrendered,1945-05-09
U-1172,52.4,-5.7,The Atlantic ocean,Sunk,1945-01-27
U-1191,50.05,-2.983333,The English channel,Sunk,1944-07-03
U-1192,54.327849,10.165824,The Baltic Sea,Scuttled,1945-05-03
U-1193,54.768841,9.84677,The Baltic Sea,Scuttled,1945-05-05
U-1194,53.873672,8.716411,The North Sea,Surrendered,1945-05-09
U-1195,50.556183,-0.938281,The English channel,Sunk,1945-04-07
U-1196,53.963586,10.895968,The Baltic Sea,Scuttled,1945-05-02
U-1197,53.556902,8.547968,The North Sea,Captured,1945-05-01
U-1198,53.873672,8.716411,The North Sea,Surrendered,1945-05-08
U-1199,49.95,-5.7,The Atlantic ocean,Sunk,1945-01-21
U-1200,50.045,2.017,The English channel,Sunk,1944-11-12
U-1201,53.540598,9.889009,The North Sea,Scuttled,1945-05-03
U-1202,60.390692,5.297793,The North Sea,Surrendered,1945-05-09
U-1203,63.436101,10.386016,The Norwegian Sea,Surrendered,1945-05-09
U-1204,54.768841,9.84677,The Baltic Sea,Scuttled,1945-05-05
U-1205,54.327849,10.165824,The Baltic Sea,Scuttled,1945-05-03
U-1206,57.35,-1.65,The North Sea,Scuttled,1945-04-14
U-1207,54.768841,9.84677,The Baltic Sea,Scuttled,1945-05-05
U-1208,49.85,-6.1,The Atlantic ocean,Sunk,1945-02-24
U-1209,49.511539,-5.598301,The Atlantic ocean,Scuttled,1944-12-18
U-1210,54.466667,9.85,The Baltic Sea,Sunk,1945-05-03
U-1221,54.333333,10.166667,The Baltic Sea,Sunk,1945-04-03
U-1222,46.516667,-5.483333,The Atlantic ocean,Sunk,1944-07-11
U-1223,53.551888,8.557147,The North Sea,Scuttled,1945-05-05
U-1224,18.133056,-33.216389,The Atlantic ocean,Sunk,1944-05-13
U-1225,63.0,-0.833333,The Norwegian Sea,Sunk,1944-06-24
U-1226,56.5,-20.0,The Atlantic ocean,Missing,1944-10-23
U-1227,54.327849,10.165824,The Baltic Sea,Scuttled,1945-05-03
U-1228,43.054477,-70.715867,The Atlantic ocean,Surrendered,1945-05-17
U-1229,42.333333,-51.65,The Atlantic ocean,Sunk,1944-08-20
U-1230,54.177091,7.903793,The North Sea,Surrendered,1945-05-05
U-1231,58.488956,-4.688765,The Atlantic ocean,Surrendered,1945-05-13
U-1232,53.536854,8.554042,The North Sea,Captured,1945-05-03
U-1233,55.554102,9.857845,The Baltic Sea,Surrendered,1945-05-05
U-1234,54.802381,9.441039,The Baltic Sea,Scuttled,1945-05-05
U-1235,42.9,-30.416667,The Atlantic ocean,Sunk,1945-04-15
U-1271,60.390692,5.297793,The North Sea,Surrendered,1945-05-09
U-1272,60.390692,5.297793,The North Sea,Surrendered,1945-05-10
U-1273,59.4,10.533333,The North Sea,Sunk,1945-02-17
U-1274,55.6,-1.4,The North Sea,Sunk,1945-04-16
U-1275,54.327849,10.165824,The Baltic Sea,Scuttled,1945-05-03
U-1276,51.8,-7.116667,The Atlantic ocean,Sunk,1945-02-20
U-1277,41.180839,-8.701994,The Atlantic ocean,Scuttled,1945-06-03
U-1278,61.533333,1.6,The North Sea,Sunk,1945-02-17
U-1279,49.766667,-5.783333,The Atlantic ocean,Sunk,1945-02-27
U-1301,60.390692,5.297793,The North Sea,Surrendered,1945-05-09
U-1302,52.316667,-5.383333,The Atlantic ocean,Sunk,1945-03-07
U-1303,54.802381,9.441039,The Baltic Sea,Scuttled,1945-05-05
U-1304,54.802381,9.441039,The Baltic Sea,Scuttled,1945-05-05
U-1305,58.488956,-4.688765,The Atlantic ocean,Surrendered,1945-05-10
U-1306,54.758655,9.8671,The Baltic Sea,Scuttled,1945-05-05
U-1307,60.390692,5.297793,The North Sea,Surrendered,1945-05-09
U-1308,54.175755,12.089201,The Baltic Sea,Scuttled,1945-05-01
U-1405,54.465255,9.853445,The Baltic Sea,Scuttled,1945-05-05
U-1406,53.881565,8.704651,The North Sea,Surrendered,1945-05-05
U-1407,53.881565,8.704651,The North Sea,Surrendered,1945-05-05
U-2321,58.105611,7.981374,The North Sea,Surrendered,1945-05-09
U-2322,58.972752,5.738923,The North Sea,Surrendered,1945-05-09
U-2323,54.383333,10.183333,The Baltic Sea,Sunk,1944-07-26
U-2324,58.972752,5.738923,The North Sea,Surrendered,1945-05-09
U-2325,58.105611,7.981374,The North Sea,Surrendered,1945-05-09
U-2326,56.459705,-2.953289,The North Sea,Surrendered,1945-05-14
U-2327,54.328034,10.165785,The Baltic Sea,Scuttled,1945-05-02
U-2328,60.390692,5.297793,The North Sea,Surrendered,1945-05-09
U-2329,58.972752,5.738923,The North Sea,Surrendered,1945-05-09
U-2330,54.328034,10.165785,The Baltic Sea,Scuttled,1945-05-03
U-2331,54.431517,18.689599,The Baltic Sea,Sunk,1944-10-10
U-2332,53.540927,9.892641,The North Sea,Scuttled,1945-05-03
U-2333,54.758655,9.8671,The Baltic Sea,Scuttled,1945-05-05
U-2334,58.105611,7.981374,The North Sea,Surrendered,1945-05-09
U-2335,58.105611,7.981374,The North Sea,Surrendered,1945-05-09
U-2336,54.327994,10.151904,The Baltic Sea,Surrendered,1945-05-15
U-2337,58.105611,7.981374,The North Sea,Surrendered,1945-05-09
U-2338,55.566667,9.816667,The Baltic Sea,Sunk,1945-05-04
U-2339,54.758655,9.8671,The Baltic Sea,Scuttled,1945-05-05
U-2340,53.541472,9.912868,The North Sea,Sunk,1945-03-30
U-2341,53.881565,8.704651,The North Sea,Surrendered,1945-05-05
U-2342,54.016667,14.333333,The Baltic Sea,Sunk,1944-12-26
U-2343,54.758655,9.8671,The Baltic Sea,Scuttled,1945-05-05
U-2344,54.266667,11.808333,The Baltic Sea,Sunk,1945-02-18
U-2345,58.972752,5.738923,The North Sea,Surrendered,1945-05-09
U-2346,54.758655,9.8671,The Baltic Sea,Scuttled,1945-05-05
U-2347,54.758655,9.8671,The Baltic Sea,Scuttled,1945-05-05
U-2348,58.972752,5.738923,The North Sea,Surrendered,1945-05-09
U-2349,54.758655,9.8671,The Baltic Sea,Scuttled,1945-05-05
U-2350,58.105611,7.981374,The North Sea,Surrendered,1945-05-09
U-2351,54.809191,9.448864,The Baltic Sea,Surrendered,1945-05-05
U-2352,54.906228,9.89239,The Baltic Sea,Scuttled,1945-05-05
U-2353,58.105611,7.981374,The North Sea,Surrendered,1945-05-09
U-2354,58.105611,7.981374,The North Sea,Surrendered,1945-05-09
U-2355,54.401111,10.2,The Baltic Sea,Scuttled,1945-05-03
U-2356,53.881565,8.704651,The North Sea,Surrendered,1945-05-05
U-2357,54.758655,9.8671,The Baltic Sea,Scuttled,1945-05-05
U-2358,54.758655,9.8671,The Baltic Sea,Scuttled,1945-05-05
U-2359,57.483333,11.4,The North Sea,Sunk,1945-05-02
U-2360,54.758655,9.8671,The Baltic Sea,Scuttled,1945-05-05
U-2361,58.105611,7.981374,The North Sea,Surrendered,1945-05-09
U-2362,54.758655,9.8671,The Baltic Sea,Scuttled,1945-05-05
U-2363,58.105611,7.981374,The North Sea,Surrendered,1945-05-09
U-2364,54.758655,9.8671,The Baltic Sea,Scuttled,1945-05-05
U-2365,11.816667,11.816667,The North Sea,Scuttled,1945-05-08
U-2366,54.758655,9.8671,The Baltic Sea,Scuttled,1945-05-05
U-2367,55.0,11.0,The Baltic Sea,Sunk,1945-05-05
U-2368,54.758655,9.8671,The Baltic Sea,Scuttled,1945-05-05
U-2369,54.758655,9.8671,The Baltic Sea,Scuttled,1945-05-05
U-2371,53.540733,9.889961,The North Sea,Scuttled,1945-05-03
U-2501,53.540733,9.889961,The North Sea,Scuttled,1945-05-03
U-2502,59.429624,10.472538,The North Sea,Surrendered,1945-05-09
U-2503,55.15,11.133333,The Baltic Sea,Scuttled,1945-05-04
U-2504,53.540733,9.889961,The North Sea,Scuttled,1945-05-03
U-2505,53.528611,9.952222,The North Sea,Buried,1945-05-03
U-2506,60.390692,5.297793,The North Sea,Surrendered,1945-05-09
U-2507,54.758655,9.8671,The Baltic Sea,Scuttled,1945-05-05
U-2508,54.328034,10.165785,The Baltic Sea,Scuttled,1945-05-03
U-2509,53.539541,9.875964,The North Sea,Sunk,1945-04-08
U-2510,53.953415,10.860529,The Baltic Sea,Scuttled,1945-05-02
U-2511,60.390692,5.297793,The North Sea,Surrendered,1945-05-09
U-2512,54.463713,9.859868,The Baltic Sea,Scuttled,1945-05-03
U-2513,59.429624,10.472538,The North Sea,Surrendered,1945-05-09
U-2514,53.524176,9.892292,The North Sea,Sunk,1945-04-08
U-2515,53.524176,9.892292,The North Sea,Sunk,1945-01-17
U-2516,54.329238,10.150682,The Baltic Sea,Sunk,1945-04-09
U-2517,54.758655,9.8671,The Baltic Sea,Scuttled,1945-05-05
U-2518,59.429624,10.472538,The North Sea,Surrendered,1945-05-09
U-2519,54.328034,10.165785,The Baltic Sea,Scuttled,1945-05-03
U-2520,54.328034,10.165785,The Baltic Sea,Scuttled,1945-05-03
U-2521,54.816667,9.833333,The Baltic Sea,Sunk,1945-05-03
U-2522,54.758655,9.8671,The Baltic Sea,Scuttled,1945-05-05
U-2523,53.533632,9.964226,The North Sea,Sunk,1945-01-17
U-2524,54.433333,11.65,The Baltic Sea,Scuttled,1945-05-03
U-2525,54.758655,9.8671,The Baltic Sea,Scuttled,1945-05-05
U-2526,53.953271,10.859286,The Baltic Sea,Scuttled,1945-05-02
U-2527,53.953271,10.859286,The Baltic Sea,Scuttled,1945-05-02
U-2528,53.953271,10.859286,The Baltic Sea,Scuttled,1945-05-02
U-2529,58.105611,7.981374,The North Sea,Surrendered,1945-05-09
U-2530,53.534023,9.938879,The North Sea,Sunk,1945-02-20
U-2531,53.953271,10.859286,The Baltic Sea,Scuttled,1945-05-02
U-2533,53.953271,10.859286,The Baltic Sea,Scuttled,1945-05-03
U-2534,54.435556,11.65,The Baltic Sea,Scuttled,1945-05-03
U-2535,53.953271,10.859286,The Baltic Sea,Scuttled,1945-05-02
U-2536,53.953271,10.859286,The Baltic Sea,Scuttled,1945-05-02
U-2538,54.884722,10.251944,The Baltic Sea,Scuttled,1945-05-08
U-2539,54.328034,10.165785,The Baltic Sea,Scuttled,1945-05-03
U-2540,55.468486,8.4315,The North Sea,Scuttled,1945-05-04
U-2541,54.758655,9.8671,The Baltic Sea,Scuttled,1945-05-05
U-2542,54.328034,10.165785,The Baltic Sea,Sunk,1945-05-03
U-2543,54.328034,10.165785,The Baltic Sea,Scuttled,1945-05-03
U-2544,56.101389,10.4525,The Baltic Sea,Scuttled,1945-05-05
U-2545,54.328034,10.165785,The Baltic Sea,Scuttled,1945-05-03
U-2546,54.328034,10.165785,The Baltic Sea,Scuttled,1945-05-03
U-2548,54.328034,10.165785,The Baltic Sea,Scuttled,1945-05-03
U-2551,54.817,9.467,The Baltic Sea,Run aground,1945-05-05
U-2552,54.328034,10.165785,The Baltic Sea,Scuttled,1945-05-03
U-3001,53.58301,8.442862,The North Sea,Scuttled,1945-05-03
U-3002,53.953271,10.859286,The Baltic Sea,Scuttled,1945-05-02
U-3003,54.328034,10.165785,The Baltic Sea,Sunk,1945-05-03
U-3004,53.528611,9.952222,The North Sea,Buried,1945-05-03
U-3005,54.328034,10.165785,The Baltic Sea,Scuttled,1945-05-03
U-3006,53.503455,8.138952,The North Sea,Scuttled,1945-05-01
U-3007,53.119978,8.701081,The North Sea,Sunk,1945-02-24
U-3008,54.326845,10.148409,The Baltic Sea,Surrendered,1945-05-11
U-3009,53.60267,8.456228,The North Sea,Scuttled,1945-05-01
U-3010,54.328034,10.165785,The Baltic Sea,Scuttled,1945-05-03
U-3011,53.953271,10.859286,The Baltic Sea,Scuttled,1945-05-02
U-3012,53.953271,10.859286,The Baltic Sea,Scuttled,1945-05-03
U-3013,53.953271,10.859286,The Baltic Sea,Scuttled,1945-05-03
U-3014,54.087061,10.812666,The Baltic Sea,Scuttled,1945-05-03
U-3015,54.758655,9.8671,The Baltic Sea,Scuttled,1945-05-05
U-3016,53.953271,10.859286,The Baltic Sea,Scuttled,1945-05-02
U-3017,59.432656,10.471308,The North Sea,Surrendered,1945-05-09
U-3018,53.953271,10.859286,The Baltic Sea,Scuttled,1945-05-02
U-3019,53.953271,10.859286,The Baltic Sea,Scuttled,1945-05-02
U-3020,53.953271,10.859286,The Baltic Sea,Scuttled,1945-05-02
U-3021,53.953271,10.859286,The Baltic Sea,Scuttled,1945-05-02
U-3022,54.758655,9.8671,The Baltic Sea,Scuttled,1945-05-05
U-3023,53.953271,10.859286,The Baltic Sea,Scuttled,1945-05-03
U-3024,54.087061,10.812666,The Baltic Sea,Scuttled,1945-05-03
U-3025,53.953271,10.859286,The Baltic Sea,Scuttled,1945-05-03
U-3026,53.953271,10.859286,The Baltic Sea,Scuttled,1945-05-03
U-3027,53.953271,10.859286,The Baltic Sea,Scuttled,1945-05-03
U-3028,54.328034,10.165785,The Baltic Sea,Scuttled,1945-05-03
U-3029,54.328034,10.165785,The Baltic Sea,Scuttled,1945-05-03
U-3030,54.502222,10.100556,The Baltic Sea,Scuttled,1945-05-08
U-3031,54.328034,10.165785,The Baltic Sea,Scuttled,1945-05-03
U-3032,54.434722,11.533889,The Baltic Sea,Sunk,1945-05-03
U-3033,54.82745,9.426289,The Baltic Sea,Scuttled,1945-05-04
U-3034,54.82745,9.426289,The Baltic Sea,Scuttled,1945-05-04
U-3035,58.947065,5.759671,The North Sea,Surrendered,1945-05-09
U-3037,53.953271,10.859286,The Baltic Sea,Scuttled,1945-05-03
U-3038,54.328034,10.165785,The Baltic Sea,Scuttled,1945-05-03
U-3039,54.328034,10.165785,The Baltic Sea,Scuttled,1945-05-03
U-3040,54.328034,10.165785,The Baltic Sea,Scuttled,1945-05-03
U-3041,59.432656,10.471308,The North Sea,Surrendered,1945-05-09
U-3044,54.758655,9.8671,The Baltic Sea,Scuttled,1945-05-05
U-3501,53.500418,8.508119,The North Sea,Scuttled,1945-05-01
U-3502,53.544953,9.845074,The North Sea,Stricken,1945-05-03
U-3503,57.65,11.733333,The North Sea,Scuttled,1945-05-08
U-3504,53.503455,8.138952,The North Sea,Scuttled,1945-05-02
U-3505,54.328034,10.165785,The Baltic Sea,Sunk,1945-04-03
U-3506,53.528611,9.952222,The North Sea,Buried,1945-05-03
U-3507,53.953271,10.859286,The Baltic Sea,Scuttled,1945-05-03
U-3508,53.503455,8.138952,The North Sea,Sunk,1945-03-04
U-3509,52.518188,9.084702,River Weser,Scuttled,1945-05-03
U-3510,54.758655,9.8671,The Baltic Sea,Scuttled,1945-05-05
U-3511,53.953271,10.859286,The Baltic Sea,Scuttled,1945-05-03
U-3512,54.328034,10.165785,The Baltic Sea,Sunk,1945-04-08
U-3513,53.953271,10.859286,The Baltic Sea,Scuttled,1945-05-03
U-3514,60.392303,5.296499,The North Sea,Surrendered,1945-05-09
U-3515,59.432656,10.471308,The North Sea,Surrendered,1945-05-09
U-3516,53.953271,10.859286,The Baltic Sea,Scuttled,1945-05-02
U-3517,53.953271,10.859286,The Baltic Sea,Scuttled,1945-05-02
U-3518,54.328034,10.165785,The Baltic Sea,Scuttled,1945-05-03
U-3519,54.183333,12.083333,The Baltic Sea,Sunk,1945-03-02
U-3520,54.466667,10.2,The Baltic Sea,Sunk,1945-01-31
U-3521,53.953271,10.859286,The Baltic Sea,Scuttled,1945-05-02
U-3522,53.953271,10.859286,The Baltic Sea,Scuttled,1945-05-02
U-3523,57.866667,10.816667,The North Sea,Sunk,1945-05-06
U-3524,54.758655,9.8671,The Baltic Sea,Scuttled,1945-05-05
U-3525,54.328034,10.165785,The Baltic Sea,Scuttled,1945-05-03
U-3526,54.758655,9.8671,The Baltic Sea,Scuttled,1945-05-05
U-3527,53.500418,8.508119,The North Sea,Scuttled,1945-05-05
U-3528,53.500418,8.508119,The North Sea,Scuttled,1945-05-05
U-3529,54.758655,9.8671,The Baltic Sea,Scuttled,1945-05-05
U-3530,54.328034,10.165785,The Baltic Sea,Scuttled,1945-05-03
U-4701,54.890739,9.923523,The Baltic Sea,Scuttled,1945-05-05
U-4702,54.758655,9.8671,The Baltic Sea,Scuttled,1945-05-05
U-4703,54.758655,9.8671,The Baltic Sea,Scuttled,1945-05-05
U-4704,54.890739,9.923523,The Baltic Sea,Scuttled,1945-05-05
U-4705,54.328034,10.165785,The Baltic Sea,Scuttled,1945-05-03
U-4706,58.105611,7.981374,The North Sea,Surrendered,1945-05-09
U-4707,54.758655,9.8671,The Baltic Sea,Scuttled,1945-05-05
U-4709,54.328034,10.165785,The Baltic Sea,Scuttled,1945-05-04
U-4710,54.758655,9.8671,The Baltic Sea,Scuttled,1945-05-05
U-4711,54.328034,10.165785,The Baltic Sea,Scuttled,1945-05-04
U-4712,54.328034,10.165785,The Baltic Sea,Scuttled,1945-05-03
