UboatName,TotalShipsSunked,Days_in_service,Days_per_ship,FateDate,WarOutCome
U-1,0,1922,,1940-04-06,Did not survive the War
U-10,2,3500,1750,1944-08-01,Did not survive the War
U-100,25,441,17,1941-03-17,Did not survive the War
U-1000,0,790,,1945-03-01,Did not survive the War
U-1001,0,828,,1945-04-08,Did not survive the War
U-1002,0,859,,1945-05-09,Survived the war
U-1003,0,814,,1945-03-25,Did not survive the War
U-1004,2,859,429,1945-05-09,Survived the war
U-1005,0,864,,1945-05-14,Survived the war
U-1006,0,654,,1944-10-16,Did not survive the War
U-1007,0,852,,1945-05-02,Survived the war
U-1008,0,856,,1945-05-06,Survived the war
U-1009,0,495,,1945-05-10,Survived the war
U-101,23,1949,84,1945-05-03,Survived the war
U-1010,0,499,,1945-05-14,Survived the war
U-1013,0,76,,1944-03-17,Did not survive the War
U-1014,0,400,,1945-02-04,Did not survive the War
U-1015,0,499,,1945-05-14,Survived the war
U-1016,0,490,,1945-05-05,Survived the war
U-1017,2,484,242,1945-04-29,Did not survive the War
U-1018,1,423,423,1945-02-27,Did not survive the War
U-1019,0,494,,1945-05-09,Survived the war
U-102,1,182,182,1940-07-01,Did not survive the War
U-1020,0,374,,1945-01-09,Did not survive the War
U-1021,0,438,,1945-03-14,Did not survive the War
U-1022,2,494,247,1945-05-09,Survived the war
U-1023,1,495,495,1945-05-10,Survived the war
U-1024,0,467,,1945-04-12,Did not survive the War
U-1025,0,490,,1945-05-05,Survived the war
U-103,45,1949,43,1945-05-03,Survived the war
U-104,1,332,332,1940-11-28,Did not survive the War
U-105,23,1248,54,1943-06-02,Did not survive the War
U-1051,2,391,195,1945-01-26,Did not survive the War
U-1052,0,494,,1945-05-09,Survived the war
U-1053,0,411,,1945-02-15,Did not survive the War
U-1054,0,259,,1944-09-16,Did not survive the War
U-1055,4,478,119,1945-04-23,Did not survive the War
U-1056,0,490,,1945-05-05,Survived the war
U-1057,0,494,,1945-05-09,Survived the war
U-1058,0,495,,1945-05-10,Survived the war
U-1059,0,443,,1944-03-19,Did not survive the War
U-106,22,1309,59,1943-08-02,Did not survive the War
U-1060,0,665,,1944-10-27,Did not survive the War
U-1061,0,859,,1945-05-09,Survived the war
U-1062,0,638,,1944-09-30,Did not survive the War
U-1063,0,470,,1945-04-15,Did not survive the War
U-1064,1,494,494,1945-05-09,Survived the war
U-1065,0,464,,1945-04-09,Did not survive the War
U-107,39,1691,43,1944-08-18,Did not survive the War
U-108,26,1562,60,1944-04-11,Did not survive the War
U-109,12,1219,101,1943-05-04,Did not survive the War
U-11,0,3775,,1945-05-03,Survived the war
U-110,3,494,164,1941-05-09,Did not survive the War
U-1101,0,855,,1945-05-05,Survived the war
U-1102,0,498,,1945-05-13,Survived the war
U-1103,0,855,,1945-05-05,Survived the war
U-1104,0,859,,1945-05-09,Survived the war
U-1105,1,495,495,1945-05-10,Survived the war
U-1106,0,453,,1945-03-29,Did not survive the War
U-1107,2,485,242,1945-04-30,Did not survive the War
U-1108,0,494,,1945-05-09,Survived the war
U-1109,0,497,,1945-05-12,Survived the war
U-111,4,642,160,1941-10-04,Did not survive the War
U-1110,0,499,,1945-05-14,Survived the war
U-1131,0,454,,1945-03-30,Did not survive the War
U-1132,0,490,,1945-05-05,Survived the war
U-116,1,643,643,1942-10-06,Did not survive the War
U-1161,0,855,,1945-05-05,Survived the war
U-1162,0,855,,1945-05-05,Survived the war
U-1163,1,859,859,1945-05-09,Survived the war
U-1164,0,570,,1944-07-24,Did not survive the War
U-1165,1,859,859,1945-05-09,Survived the war
U-1166,0,853,,1945-05-03,Survived the war
U-1167,0,819,,1945-03-30,Did not survive the War
U-1168,0,854,,1945-05-04,Survived the war
U-1169,0,818,,1945-03-29,Did not survive the War
U-117,0,948,,1943-08-07,Did not survive the War
U-1170,0,852,,1945-05-02,Survived the war
U-1171,0,859,,1945-05-09,Survived the war
U-1172,2,757,378,1945-01-27,Did not survive the War
U-118,4,892,223,1943-06-12,Did not survive the War
U-119,1,539,539,1943-06-24,Did not survive the War
U-1191,0,549,,1944-07-03,Did not survive the War
U-1192,0,853,,1945-05-03,Survived the war
U-1193,0,855,,1945-05-05,Survived the war
U-1194,0,859,,1945-05-09,Survived the war
U-1195,2,827,413,1945-04-07,Did not survive the War
U-1196,0,852,,1945-05-02,Survived the war
U-1197,0,851,,1945-05-01,Did not survive the War
U-1198,0,858,,1945-05-08,Survived the war
U-1199,0,751,,1945-01-21,Did not survive the War
U-12,0,1741,,1939-10-08,Did not survive the War
U-120,0,1951,,1945-05-05,Survived the war
U-1200,0,681,,1944-11-12,Did not survive the War
U-1201,0,853,,1945-05-03,Survived the war
U-1202,1,859,859,1945-05-09,Survived the war
U-1203,1,859,859,1945-05-09,Survived the war
U-1204,0,855,,1945-05-05,Survived the war
U-1205,0,853,,1945-05-03,Survived the war
U-1206,0,834,,1945-04-14,Did not survive the War
U-1207,0,490,,1945-05-05,Survived the war
U-1208,1,420,420,1945-02-24,Did not survive the War
U-1209,0,352,,1944-12-18,Did not survive the War
U-121,0,1951,,1945-05-05,Survived the war
U-1210,0,488,,1945-05-03,Survived the war
U-122,1,538,538,1940-06-22,Did not survive the War
U-1221,0,823,,1945-04-03,Did not survive the War
U-1222,0,557,,1944-07-11,Did not survive the War
U-1223,1,855,855,1945-05-05,Survived the war
U-1224,0,498,,1944-05-13,Did not survive the War
U-1225,0,540,,1944-06-24,Did not survive the War
U-1226,0,661,,1944-10-23,Did not survive the War
U-1227,1,853,853,1945-05-03,Survived the war
U-1228,1,867,867,1945-05-17,Survived the war
U-1229,0,597,,1944-08-20,Did not survive the War
U-123,44,1692,38,1944-08-19,Did not survive the War
U-1230,1,855,855,1945-05-05,Survived the war
U-1231,0,863,,1945-05-13,Survived the war
U-1232,3,853,284,1945-05-03,Survived the war
U-1233,0,855,,1945-05-05,Survived the war
U-1234,0,490,,1945-05-05,Survived the war
U-1235,0,470,,1945-04-15,Did not survive the War
U-124,48,1187,24,1943-04-02,Did not survive the War
U-125,17,1221,71,1943-05-06,Did not survive the War
U-126,25,1279,51,1943-07-03,Did not survive the War
U-127,0,348,,1941-12-15,Did not survive the War
U-1271,0,859,,1945-05-09,Survived the war
U-1272,0,860,,1945-05-10,Survived the war
U-1273,0,413,,1945-02-17,Did not survive the War
U-1274,1,471,471,1945-04-16,Did not survive the War
U-1275,0,488,,1945-05-03,Survived the war
U-1276,1,416,416,1945-02-20,Did not survive the War
U-1277,0,519,,1945-06-03,Survived the war
U-1278,0,413,,1945-02-17,Did not survive the War
U-1279,0,423,,1945-02-27,Did not survive the War
U-128,12,866,72,1943-05-17,Did not survive the War
U-129,29,1325,45,1944-08-18,Did not survive the War
U-13,9,1977,219,1940-05-31,Did not survive the War
U-130,24,800,33,1943-03-12,Did not survive the War
U-1301,0,859,,1945-05-09,Survived the war
U-1302,3,431,143,1945-03-07,Did not survive the War
U-1303,0,490,,1945-05-05,Survived the war
U-1304,0,490,,1945-05-05,Survived the war
U-1305,1,495,495,1945-05-10,Survived the war
U-1306,0,490,,1945-05-05,Survived the war
U-1307,0,494,,1945-05-09,Survived the war
U-1308,0,486,,1945-05-01,Did not survive the War
U-131,1,350,350,1941-12-17,Did not survive the War
U-132,9,672,74,1942-11-04,Did not survive the War
U-133,1,437,437,1942-03-14,Did not survive the War
U-134,3,968,322,1943-08-27,Did not survive the War
U-135,3,925,308,1943-07-15,Did not survive the War
U-136,7,556,79,1942-07-11,Did not survive the War
U-137,7,1951,278,1945-05-05,Survived the war
U-138,6,534,89,1941-06-18,Did not survive the War
U-139,0,1951,,1945-05-05,Survived the war
U-14,9,3777,419,1945-05-05,Survived the war
U-140,4,1951,487,1945-05-05,Survived the war
U-1405,0,490,,1945-05-05,Survived the war
U-1406,0,124,,1945-05-05,Survived the war
U-1407,0,124,,1945-05-05,Survived the war
U-141,4,1951,487,1945-05-05,Survived the war
U-142,0,1951,,1945-05-05,Survived the war
U-143,1,2182,2182,1945-12-22,Survived the war
U-144,1,587,587,1941-08-10,Did not survive the War
U-145,0,2182,,1945-12-22,Survived the war
U-146,1,1951,1951,1945-05-05,Survived the war
U-147,2,518,259,1941-06-02,Did not survive the War
U-148,0,1951,,1945-05-05,Survived the war
U-149,1,2181,2181,1945-12-21,Survived the war
U-15,3,1490,496,1940-01-30,Did not survive the War
U-150,0,2181,,1945-12-21,Survived the war
U-151,0,1951,,1945-05-05,Survived the war
U-152,0,1951,,1945-05-05,Survived the war
U-153,3,923,307,1943-07-13,Did not survive the War
U-154,10,1279,127,1944-07-03,Did not survive the War
U-155,26,1815,69,1945-12-21,Survived the war
U-156,19,796,41,1943-03-08,Did not survive the War
U-157,1,528,528,1942-06-13,Did not survive the War
U-158,17,545,32,1942-06-30,Did not survive the War
U-159,23,938,40,1943-07-28,Did not survive the War
U-16,2,1393,696,1939-10-25,Did not survive the War
U-160,26,924,35,1943-07-14,Did not survive the War
U-161,13,999,76,1943-09-27,Did not survive the War
U-162,14,610,43,1942-09-03,Did not survive the War
U-163,4,801,200,1943-03-13,Did not survive the War
U-164,3,735,245,1943-01-06,Did not survive the War
U-165,3,634,211,1942-09-27,Did not survive the War
U-166,4,575,143,1942-07-30,Did not survive the War
U-167,1,460,460,1943-04-06,Did not survive the War
U-168,3,1374,458,1944-10-06,Did not survive the War
U-169,0,450,,1943-03-27,Did not survive the War
U-17,3,3777,1259,1945-05-05,Survived the war
U-170,1,1429,1429,1945-11-30,Survived the war
U-171,3,646,215,1942-10-09,Did not survive the War
U-172,26,1076,41,1943-12-13,Did not survive the War
U-173,1,684,684,1942-11-16,Did not survive the War
U-174,5,846,169,1943-04-27,Did not survive the War
U-175,10,836,83,1943-04-17,Did not survive the War
U-176,11,864,78,1943-05-15,Did not survive the War
U-177,14,1131,80,1944-02-06,Did not survive the War
U-178,13,1332,102,1944-08-25,Did not survive the War
U-179,1,645,645,1942-10-08,Did not survive the War
U-18,3,3524,1174,1944-08-25,Did not survive the War
U-180,2,1330,665,1944-08-23,Did not survive the War
U-181,27,1868,69,1946-02-12,Survived the war
U-182,5,500,100,1943-05-16,Did not survive the War
U-183,4,1208,302,1945-04-23,Did not survive the War
U-184,1,324,324,1942-11-21,Did not survive the War
U-185,9,600,66,1943-08-24,Did not survive the War
U-186,3,496,165,1943-05-12,Did not survive the War
U-187,0,764,,1943-02-04,Did not survive the War
U-188,9,967,107,1944-08-25,Did not survive the War
U-189,0,477,,1943-04-23,Did not survive the War
U-19,15,3541,236,1944-09-11,Did not survive the War
U-190,2,1229,614,1945-05-14,Survived the war
U-191,1,477,477,1943-04-23,Did not survive the War
U-192,0,490,,1943-05-06,Did not survive the War
U-193,1,844,844,1944-04-24,Did not survive the War
U-194,0,539,,1943-06-24,Did not survive the War
U-195,2,1217,608,1945-05-02,Survived the war
U-196,3,1065,355,1944-12-01,Did not survive the War
U-197,3,596,198,1943-08-20,Did not survive the War
U-198,11,954,86,1944-08-12,Did not survive the War
U-199,2,576,288,1943-07-31,Did not survive the War
U-2,0,3385,,1944-04-08,Did not survive the War
U-20,13,3175,244,1944-09-10,Did not survive the War
U-200,0,539,,1943-06-24,Did not survive the War
U-201,24,1143,47,1943-02-17,Did not survive the War
U-202,9,882,98,1943-06-02,Did not survive the War
U-203,21,844,40,1943-04-25,Did not survive the War
U-204,5,291,58,1941-10-19,Did not survive the War
U-205,1,777,777,1943-02-17,Did not survive the War
U-206,3,332,110,1941-11-29,Did not survive the War
U-207,2,253,126,1941-09-11,Did not survive the War
U-208,1,340,340,1941-12-07,Did not survive the War
U-209,3,856,285,1943-05-07,Did not survive the War
U-21,6,3319,553,1945-02-01,Did not survive the War
U-210,0,582,,1942-08-06,Did not survive the War
U-211,1,687,687,1943-11-19,Did not survive the War
U-212,1,932,932,1944-07-21,Did not survive the War
U-213,0,576,,1942-07-31,Did not survive the War
U-214,4,1302,325,1944-07-26,Did not survive the War
U-215,1,548,548,1942-07-03,Did not survive the War
U-216,1,657,657,1942-10-20,Did not survive the War
U-217,3,885,295,1943-06-05,Did not survive the War
U-218,2,1799,899,1945-12-05,Survived the war
U-219,0,1311,,1945-08-04,Survived the war
U-22,9,1547,171,1940-03-27,Did not survive the War
U-220,2,300,150,1943-10-28,Did not survive the War
U-221,21,634,30,1943-09-27,Did not survive the War
U-222,0,244,,1942-09-02,Did not survive the War
U-223,4,819,204,1944-03-30,Did not survive the War
U-224,2,377,188,1943-01-13,Did not survive the War
U-225,1,417,417,1943-02-22,Did not survive the War
U-226,1,674,674,1943-11-06,Did not survive the War
U-227,0,484,,1943-04-30,Did not survive the War
U-228,0,1008,,1944-10-05,Did not survive the War
U-229,2,629,314,1943-09-22,Did not survive the War
U-23,9,3175,352,1944-09-10,Did not survive the War
U-230,4,954,238,1944-08-12,Did not survive the War
U-231,0,742,,1944-01-13,Did not survive the War
U-232,0,554,,1943-07-09,Did not survive the War
U-2321,1,494,494,1945-05-09,Survived the war
U-2322,1,494,494,1945-05-09,Survived the war
U-2323,0,207,,1944-07-26,Did not survive the War
U-2324,0,494,,1945-05-09,Survived the war
U-2325,0,494,,1945-05-09,Survived the war
U-2326,0,499,,1945-05-14,Survived the war
U-2327,0,487,,1945-05-02,Survived the war
U-2328,0,494,,1945-05-09,Survived the war
U-2329,0,494,,1945-05-09,Survived the war
U-233,0,551,,1944-07-05,Did not survive the War
U-2330,0,488,,1945-05-03,Survived the war
U-2331,0,283,,1944-10-10,Did not survive the War
U-2332,0,488,,1945-05-03,Survived the war
U-2333,0,490,,1945-05-05,Survived the war
U-2334,0,494,,1945-05-09,Survived the war
U-2335,0,494,,1945-05-09,Survived the war
U-2336,2,500,250,1945-05-15,Survived the war
U-2337,0,494,,1945-05-09,Survived the war
U-2338,0,489,,1945-05-04,Survived the war
U-2339,0,490,,1945-05-05,Survived the war
U-234,0,869,,1945-05-19,Survived the war
U-2340,0,454,,1945-03-30,Did not survive the War
U-2341,0,490,,1945-05-05,Survived the war
U-2342,0,360,,1944-12-26,Did not survive the War
U-2343,0,490,,1945-05-05,Survived the war
U-2344,0,414,,1945-02-18,Did not survive the War
U-2345,0,494,,1945-05-09,Survived the war
U-2346,0,490,,1945-05-05,Survived the war
U-2347,0,490,,1945-05-05,Survived the war
U-2348,0,494,,1945-05-09,Survived the war
U-2349,0,490,,1945-05-05,Survived the war
U-235,0,1199,,1945-04-14,Did not survive the War
U-2350,0,494,,1945-05-09,Survived the war
U-2351,0,490,,1945-05-05,Survived the war
U-2352,0,490,,1945-05-05,Survived the war
U-2353,0,494,,1945-05-09,Survived the war
U-2354,0,494,,1945-05-09,Survived the war
U-2355,0,488,,1945-05-03,Survived the war
U-2356,0,490,,1945-05-05,Survived the war
U-2357,0,490,,1945-05-05,Survived the war
U-2358,0,490,,1945-05-05,Survived the war
U-2359,0,487,,1945-05-02,Survived the war
U-236,0,1220,,1945-05-05,Survived the war
U-2360,0,490,,1945-05-05,Survived the war
U-2361,0,128,,1945-05-09,Survived the war
U-2362,0,124,,1945-05-05,Survived the war
U-2363,0,128,,1945-05-09,Survived the war
U-2364,0,124,,1945-05-05,Survived the war
U-2365,0,127,,1945-05-08,Survived the war
U-2366,0,124,,1945-05-05,Survived the war
U-2367,0,124,,1945-05-05,Survived the war
U-2368,0,124,,1945-05-05,Survived the war
U-2369,0,124,,1945-05-05,Survived the war
U-237,0,1189,,1945-04-04,Did not survive the War
U-2371,0,122,,1945-05-03,Survived the war
U-238,4,404,101,1944-02-09,Did not survive the War
U-239,0,570,,1944-07-24,Did not survive the War
U-24,6,3159,526,1944-08-25,Did not survive the War
U-240,0,865,,1945-05-15,Survived the war
U-241,0,503,,1944-05-18,Did not survive the War
U-242,3,825,275,1945-04-05,Did not survive the War
U-243,0,554,,1944-07-08,Did not survive the War
U-244,0,864,,1945-05-14,Survived the war
U-245,3,859,286,1945-05-09,Survived the war
U-246,0,806,,1945-03-17,Did not survive the War
U-247,1,609,609,1944-09-01,Did not survive the War
U-248,0,746,,1945-01-16,Did not survive the War
U-249,0,860,,1945-05-10,Survived the war
U-25,8,1675,209,1940-08-02,Did not survive the War
U-250,1,576,576,1944-07-30,Did not survive the War
U-2501,0,488,,1945-05-03,Survived the war
U-2502,0,494,,1945-05-09,Survived the war
U-2503,0,489,,1945-05-04,Survived the war
U-2504,0,488,,1945-05-03,Survived the war
U-2505,0,488,,1945-05-03,Survived the war
U-2506,0,494,,1945-05-09,Survived the war
U-2507,0,490,,1945-05-05,Survived the war
U-2508,0,488,,1945-05-03,Survived the war
U-2509,0,463,,1945-04-08,Did not survive the War
U-251,2,1569,784,1945-04-19,Did not survive the War
U-2510,0,487,,1945-05-02,Survived the war
U-2511,0,494,,1945-05-09,Survived the war
U-2512,0,488,,1945-05-03,Survived the war
U-2513,0,494,,1945-05-09,Survived the war
U-2514,0,463,,1945-04-08,Did not survive the War
U-2515,0,382,,1945-01-17,Did not survive the War
U-2516,0,464,,1945-04-09,Did not survive the War
U-2517,0,490,,1945-05-05,Survived the war
U-2518,0,494,,1945-05-09,Survived the war
U-2519,0,488,,1945-05-03,Survived the war
U-252,1,468,468,1942-04-14,Did not survive the War
U-2520,0,488,,1945-05-03,Survived the war
U-2521,0,488,,1945-05-03,Survived the war
U-2522,0,490,,1945-05-05,Survived the war
U-2523,0,382,,1945-01-17,Did not survive the War
U-2524,0,488,,1945-05-03,Survived the war
U-2525,0,490,,1945-05-05,Survived the war
U-2526,0,487,,1945-05-02,Survived the war
U-2527,0,487,,1945-05-02,Survived the war
U-2528,0,487,,1945-05-02,Survived the war
U-2529,0,494,,1945-05-09,Survived the war
U-253,0,632,,1942-09-25,Did not survive the War
U-2530,0,416,,1945-02-20,Did not survive the War
U-2531,0,487,,1945-05-02,Survived the war
U-2533,0,488,,1945-05-03,Survived the war
U-2534,0,488,,1945-05-03,Survived the war
U-2535,0,487,,1945-05-02,Survived the war
U-2536,0,487,,1945-05-02,Survived the war
U-2538,0,127,,1945-05-08,Survived the war
U-2539,0,122,,1945-05-03,Survived the war
U-254,3,706,235,1942-12-08,Did not survive the War
U-2540,0,123,,1945-05-04,Survived the war
U-2541,0,124,,1945-05-05,Survived the war
U-2542,0,122,,1945-05-03,Survived the war
U-2543,0,122,,1945-05-03,Survived the war
U-2544,0,124,,1945-05-05,Survived the war
U-2545,0,122,,1945-05-03,Survived the war
U-2546,0,122,,1945-05-03,Survived the war
U-2548,0,122,,1945-05-03,Survived the war
U-255,11,1597,145,1945-05-17,Survived the war
U-2551,0,124,,1945-05-05,Survived the war
U-2552,0,122,,1945-05-03,Survived the war
U-256,1,1391,1391,1944-10-23,Did not survive the War
U-257,0,1149,,1944-02-24,Did not survive the War
U-258,1,869,869,1943-05-20,Did not survive the War
U-259,0,683,,1942-11-15,Did not survive the War
U-26,11,1643,149,1940-07-01,Did not survive the War
U-260,1,1166,1166,1945-03-12,Did not survive the War
U-261,0,257,,1942-09-15,Did not survive the War
U-262,4,1187,296,1945-04-02,Did not survive the War
U-263,2,749,374,1944-01-20,Did not survive the War
U-264,3,779,259,1944-02-19,Did not survive the War
U-265,0,398,,1943-02-03,Did not survive the War
U-266,4,499,124,1943-05-15,Did not survive the War
U-267,0,1220,,1945-05-05,Survived the war
U-268,4,414,103,1943-02-19,Did not survive the War
U-269,0,906,,1944-06-25,Did not survive the War
U-27,2,1358,679,1939-09-20,Did not survive the War
U-270,1,955,955,1944-08-13,Did not survive the War
U-271,0,757,,1944-01-28,Did not survive the War
U-272,0,315,,1942-11-12,Did not survive the War
U-273,0,503,,1943-05-19,Did not survive the War
U-274,0,660,,1943-10-23,Did not survive the War
U-275,2,1164,582,1945-03-10,Did not survive the War
U-276,0,1218,,1945-05-03,Survived the war
U-277,0,851,,1944-05-01,Did not survive the War
U-278,2,1224,612,1945-05-09,Survived the war
U-279,0,641,,1943-10-04,Did not survive the War
U-28,12,2998,249,1944-03-17,Did not survive the War
U-280,0,319,,1943-11-16,Did not survive the War
U-281,0,859,,1945-05-09,Survived the war
U-282,0,301,,1943-10-29,Did not survive the War
U-283,0,406,,1944-02-11,Did not survive the War
U-284,0,354,,1943-12-21,Did not survive the War
U-285,0,835,,1945-04-15,Did not survive the War
U-286,1,849,849,1945-04-29,Did not survive the War
U-287,0,866,,1945-05-16,Survived the war
U-288,0,458,,1944-04-03,Did not survive the War
U-289,0,516,,1944-05-31,Did not survive the War
U-29,13,3412,262,1945-05-05,Survived the war
U-290,0,855,,1945-05-05,Survived the war
U-291,0,855,,1945-05-05,Survived the war
U-292,0,512,,1944-05-27,Did not survive the War
U-293,0,861,,1945-05-11,Survived the war
U-294,0,859,,1945-05-09,Survived the war
U-295,0,859,,1945-05-09,Survived the war
U-296,0,801,,1945-03-12,Did not survive the War
U-297,0,705,,1944-12-06,Did not survive the War
U-298,0,859,,1945-05-09,Survived the war
U-299,0,859,,1945-05-09,Survived the war
U-3,2,3500,1750,1944-08-01,Did not survive the War
U-30,17,3412,200,1945-05-05,Survived the war
U-300,2,783,391,1945-02-22,Did not survive the War
U-3001,0,488,,1945-05-03,Survived the war
U-3002,0,487,,1945-05-02,Survived the war
U-3003,0,488,,1945-05-03,Survived the war
U-3004,0,488,,1945-05-03,Survived the war
U-3005,0,488,,1945-05-03,Survived the war
U-3006,0,486,,1945-05-01,Did not survive the War
U-3007,0,420,,1945-02-24,Did not survive the War
U-3008,0,496,,1945-05-11,Survived the war
U-3009,0,486,,1945-05-01,Did not survive the War
U-301,0,385,,1943-01-21,Did not survive the War
U-3010,0,488,,1945-05-03,Survived the war
U-3011,0,487,,1945-05-02,Survived the war
U-3012,0,488,,1945-05-03,Survived the war
U-3013,0,488,,1945-05-03,Survived the war
U-3014,0,488,,1945-05-03,Survived the war
U-3015,0,490,,1945-05-05,Survived the war
U-3016,0,487,,1945-05-02,Survived the war
U-3017,0,494,,1945-05-09,Survived the war
U-3018,0,487,,1945-05-02,Survived the war
U-3019,0,487,,1945-05-02,Survived the war
U-302,3,826,275,1944-04-06,Did not survive the War
U-3020,0,487,,1945-05-02,Survived the war
U-3021,0,487,,1945-05-02,Survived the war
U-3022,0,490,,1945-05-05,Survived the war
U-3023,0,488,,1945-05-03,Survived the war
U-3024,0,488,,1945-05-03,Survived the war
U-3025,0,488,,1945-05-03,Survived the war
U-3026,0,488,,1945-05-03,Survived the war
U-3027,0,488,,1945-05-03,Survived the war
U-3028,0,488,,1945-05-03,Survived the war
U-3029,0,488,,1945-05-03,Survived the war
U-303,1,505,505,1943-05-21,Did not survive the War
U-3030,0,493,,1945-05-08,Survived the war
U-3031,0,122,,1945-05-03,Survived the war
U-3032,0,122,,1945-05-03,Survived the war
U-3033,0,123,,1945-05-04,Survived the war
U-3034,0,123,,1945-05-04,Survived the war
U-3035,0,128,,1945-05-09,Survived the war
U-3037,0,122,,1945-05-03,Survived the war
U-3038,0,122,,1945-05-03,Survived the war
U-3039,0,122,,1945-05-03,Survived the war
U-304,0,512,,1943-05-28,Did not survive the War
U-3040,0,122,,1945-05-03,Survived the war
U-3041,0,128,,1945-05-09,Survived the war
U-3044,0,124,,1945-05-05,Survived the war
U-305,4,745,186,1944-01-16,Did not survive the War
U-306,1,668,668,1943-10-31,Did not survive the War
U-307,2,1214,607,1945-04-29,Did not survive the War
U-308,0,519,,1943-06-04,Did not survive the War
U-309,0,1142,,1945-02-16,Did not survive the War
U-31,13,1767,135,1940-11-02,Did not survive the War
U-310,2,859,429,1945-05-09,Survived the war
U-311,1,477,477,1944-04-22,Did not survive the War
U-312,0,859,,1945-05-09,Survived the war
U-313,0,859,,1945-05-09,Survived the war
U-314,0,394,,1944-01-30,Did not survive the War
U-315,2,859,429,1945-05-09,Survived the war
U-316,0,852,,1945-05-02,Survived the war
U-317,0,542,,1944-06-26,Did not survive the War
U-318,0,859,,1945-05-09,Survived the war
U-319,0,561,,1944-07-15,Did not survive the War
U-32,20,1398,69,1940-10-30,Did not survive the War
U-320,0,858,,1945-05-08,Survived the war
U-321,0,822,,1945-04-02,Did not survive the War
U-322,1,728,728,1944-12-29,Did not survive the War
U-323,0,490,,1945-05-05,Survived the war
U-324,0,494,,1945-05-09,Survived the war
U-325,0,485,,1945-04-30,Did not survive the War
U-326,0,485,,1945-04-30,Did not survive the War
U-327,0,399,,1945-02-03,Did not survive the War
U-328,0,494,,1945-05-09,Survived the war
U-33,10,1503,150,1940-02-12,Did not survive the War
U-331,2,1051,525,1942-11-17,Did not survive the War
U-332,8,848,106,1943-04-29,Did not survive the War
U-333,7,1307,186,1944-07-31,Did not survive the War
U-334,2,894,447,1943-06-14,Did not survive the War
U-335,0,579,,1942-08-03,Did not survive the War
U-336,1,1007,1007,1943-10-05,Did not survive the War
U-337,0,367,,1943-01-03,Did not survive the War
U-338,4,627,156,1943-09-20,Did not survive the War
U-339,0,1220,,1945-05-05,Survived the war
U-34,23,2773,120,1943-08-05,Did not survive the War
U-340,0,670,,1943-11-02,Did not survive the War
U-341,0,626,,1943-09-19,Did not survive the War
U-342,0,837,,1944-04-17,Did not survive the War
U-343,0,799,,1944-03-10,Did not survive the War
U-344,1,599,599,1944-08-22,Did not survive the War
U-345,0,346,,1943-12-13,Did not survive the War
U-346,0,262,,1943-09-20,Did not survive the War
U-347,0,563,,1944-07-17,Did not survive the War
U-348,0,819,,1945-03-30,Did not survive the War
U-349,0,855,,1945-05-05,Survived the war
U-35,4,1428,357,1939-11-29,Did not survive the War
U-350,0,819,,1945-03-30,Did not survive the War
U-3501,0,486,,1945-05-01,Did not survive the War
U-3502,0,488,,1945-05-03,Survived the war
U-3503,0,493,,1945-05-08,Survived the war
U-3504,0,487,,1945-05-02,Survived the war
U-3505,0,458,,1945-04-03,Did not survive the War
U-3506,0,488,,1945-05-03,Survived the war
U-3507,0,488,,1945-05-03,Survived the war
U-3508,0,428,,1945-03-04,Did not survive the War
U-3509,0,488,,1945-05-03,Survived the war
U-351,0,1585,,1945-05-05,Survived the war
U-3510,0,490,,1945-05-05,Survived the war
U-3511,0,488,,1945-05-03,Survived the war
U-3512,0,463,,1945-04-08,Did not survive the War
U-3513,0,488,,1945-05-03,Survived the war
U-3514,0,494,,1945-05-09,Survived the war
U-3515,0,494,,1945-05-09,Survived the war
U-3516,0,487,,1945-05-02,Survived the war
U-3517,0,487,,1945-05-02,Survived the war
U-3518,0,488,,1945-05-03,Survived the war
U-3519,0,426,,1945-03-02,Did not survive the War
U-352,0,493,,1942-05-09,Did not survive the War
U-3520,0,396,,1945-01-31,Did not survive the War
U-3521,0,487,,1945-05-02,Survived the war
U-3522,0,487,,1945-05-02,Survived the war
U-3523,0,491,,1945-05-06,Survived the war
U-3524,0,490,,1945-05-05,Survived the war
U-3525,0,488,,1945-05-03,Survived the war
U-3526,0,490,,1945-05-05,Survived the war
U-3527,0,124,,1945-05-05,Survived the war
U-3528,0,124,,1945-05-05,Survived the war
U-3529,0,124,,1945-05-05,Survived the war
U-353,0,653,,1942-10-16,Did not survive the War
U-3530,0,122,,1945-05-03,Survived the war
U-354,3,966,322,1944-08-24,Did not survive the War
U-355,1,1186,1186,1944-04-01,Did not survive the War
U-356,3,725,241,1942-12-27,Did not survive the War
U-357,0,359,,1942-12-26,Did not survive the War
U-358,5,790,158,1944-03-01,Did not survive the War
U-359,0,571,,1943-07-26,Did not survive the War
U-36,3,1433,477,1939-12-04,Did not survive the War
U-360,0,822,,1944-04-02,Did not survive the War
U-361,0,928,,1944-07-17,Did not survive the War
U-362,0,978,,1944-09-05,Did not survive the War
U-363,0,1224,,1945-05-09,Survived the war
U-364,0,393,,1944-01-29,Did not survive the War
U-365,4,712,178,1944-12-13,Did not survive the War
U-366,0,429,,1944-03-05,Did not survive the War
U-367,0,805,,1945-03-16,Did not survive the War
U-368,0,855,,1945-05-05,Survived the war
U-369,0,859,,1945-05-09,Survived the war
U-37,55,2684,48,1945-05-08,Survived the war
U-370,2,855,427,1945-05-05,Survived the war
U-371,11,1219,110,1944-05-04,Did not survive the War
U-372,4,580,145,1942-08-04,Did not survive the War
U-373,3,1254,418,1944-06-08,Did not survive the War
U-374,3,376,125,1942-01-12,Did not survive the War
U-375,8,935,116,1943-07-25,Did not survive the War
U-376,2,826,413,1943-04-07,Did not survive the War
U-377,0,1111,,1944-01-17,Did not survive the War
U-378,1,1022,1022,1943-10-20,Did not survive the War
U-379,2,584,292,1942-08-08,Did not survive the War
U-38,35,2681,76,1945-05-05,Survived the war
U-380,2,1165,582,1944-03-11,Did not survive the War
U-381,0,494,,1943-05-10,Did not survive the War
U-382,0,1220,,1945-05-05,Survived the war
U-383,1,577,577,1943-08-01,Did not survive the War
U-384,2,442,221,1943-03-19,Did not survive the War
U-385,0,953,,1944-08-11,Did not survive the War
U-386,1,779,779,1944-02-19,Did not survive the War
U-387,0,1073,,1944-12-09,Did not survive the War
U-388,0,535,,1943-06-20,Did not survive the War
U-389,0,641,,1943-10-04,Did not survive the War
U-39,0,621,,1939-09-14,Did not survive the War
U-390,1,551,551,1944-07-05,Did not survive the War
U-391,0,346,,1943-12-13,Did not survive the War
U-392,0,440,,1944-03-16,Did not survive the War
U-393,0,855,,1945-05-05,Survived the war
U-394,0,610,,1944-09-02,Did not survive the War
U-396,0,831,,1945-04-11,Did not survive the War
U-397,0,855,,1945-05-05,Survived the war
U-398,0,837,,1945-04-17,Did not survive the War
U-399,1,815,815,1945-03-26,Did not survive the War
U-4,4,3500,875,1944-08-01,Did not survive the War
U-40,0,650,,1939-10-13,Did not survive the War
U-400,0,349,,1944-12-15,Did not survive the War
U-401,0,580,,1941-08-03,Did not survive the War
U-402,15,1381,92,1943-10-13,Did not survive the War
U-403,2,959,479,1943-08-18,Did not survive the War
U-404,15,938,62,1943-07-28,Did not survive the War
U-405,5,1034,206,1943-11-01,Did not survive the War
U-406,1,1143,1143,1944-02-18,Did not survive the War
U-407,3,1357,452,1944-09-19,Did not survive the War
U-408,3,673,224,1942-11-05,Did not survive the War
U-409,5,922,184,1943-07-12,Did not survive the War
U-41,5,400,80,1940-02-05,Did not survive the War
U-410,9,1165,129,1944-03-11,Did not survive the War
U-411,0,681,,1942-11-13,Did not survive the War
U-412,0,659,,1942-10-22,Did not survive the War
U-413,6,962,160,1944-08-20,Did not survive the War
U-414,1,509,509,1943-05-25,Did not survive the War
U-415,2,925,462,1944-07-14,Did not survive the War
U-416,0,1076,,1944-12-12,Did not survive the War
U-417,0,526,,1943-06-11,Did not survive the War
U-418,0,514,,1943-05-30,Did not survive the War
U-419,0,645,,1943-10-08,Did not survive the War
U-42,1,285,285,1939-10-13,Did not survive the War
U-420,0,657,,1943-10-20,Did not survive the War
U-421,0,849,,1944-04-29,Did not survive the War
U-422,0,641,,1943-10-04,Did not survive the War
U-423,0,898,,1944-06-17,Did not survive the War
U-424,0,771,,1944-02-11,Did not survive the War
U-425,0,1143,,1945-02-17,Did not survive the War
U-426,1,372,372,1944-01-08,Did not survive the War
U-427,0,859,,1945-05-09,Survived the war
U-428,0,855,,1945-05-05,Survived the war
U-429,0,819,,1945-03-30,Did not survive the War
U-43,21,1671,79,1943-07-30,Did not survive the War
U-430,0,819,,1945-03-30,Did not survive the War
U-431,9,1023,113,1943-10-21,Did not survive the War
U-432,21,799,38,1943-03-11,Did not survive the War
U-433,0,319,,1941-11-16,Did not survive the War
U-434,0,351,,1941-12-18,Did not survive the War
U-435,13,919,70,1943-07-09,Did not survive the War
U-436,7,875,125,1943-05-26,Did not survive the War
U-437,0,1373,,1944-10-05,Did not survive the War
U-438,3,855,285,1943-05-06,Did not survive the War
U-439,0,853,,1943-05-04,Did not survive the War
U-44,8,437,54,1940-03-13,Did not survive the War
U-440,0,880,,1943-05-31,Did not survive the War
U-441,1,1276,1276,1944-06-30,Did not survive the War
U-442,4,407,101,1943-02-12,Did not survive the War
U-443,4,418,104,1943-02-23,Did not survive the War
U-444,0,434,,1943-03-11,Did not survive the War
U-445,0,966,,1944-08-24,Did not survive the War
U-446,0,1218,,1945-05-03,Survived the war
U-447,0,491,,1943-05-07,Did not survive the War
U-448,0,834,,1944-04-14,Did not survive the War
U-449,0,539,,1943-06-24,Did not survive the War
U-45,2,651,325,1939-10-14,Did not survive the War
U-450,0,799,,1944-03-10,Did not survive the War
U-451,1,354,354,1941-12-21,Did not survive the War
U-452,0,236,,1941-08-25,Did not survive the War
U-453,11,1236,112,1944-05-21,Did not survive the War
U-454,2,942,471,1943-08-01,Did not survive the War
U-455,3,1190,396,1944-04-05,Did not survive the War
U-456,6,861,143,1943-05-12,Did not survive the War
U-457,2,623,311,1942-09-16,Did not survive the War
U-458,2,963,481,1943-08-22,Did not survive the War
U-459,0,934,,1943-07-24,Did not survive the War
U-46,22,2681,121,1945-05-05,Survived the war
U-460,0,1006,,1943-10-04,Did not survive the War
U-461,0,940,,1943-07-30,Did not survive the War
U-462,0,940,,1943-07-30,Did not survive the War
U-463,0,865,,1943-05-16,Did not survive the War
U-464,0,596,,1942-08-20,Did not survive the War
U-465,0,486,,1943-05-02,Did not survive the War
U-466,0,961,,1944-08-19,Did not survive the War
U-467,0,509,,1943-05-25,Did not survive the War
U-468,1,587,587,1943-08-11,Did not survive the War
U-469,0,448,,1943-03-25,Did not survive the War
U-47,31,1161,37,1941-03-07,Did not survive the War
U-470,0,653,,1943-10-16,Did not survive the War
U-4701,0,490,,1945-05-05,Survived the war
U-4702,0,490,,1945-05-05,Survived the war
U-4703,0,124,,1945-05-05,Survived the war
U-4704,0,124,,1945-05-05,Survived the war
U-4705,0,122,,1945-05-03,Survived the war
U-4706,0,128,,1945-05-09,Survived the war
U-4707,0,124,,1945-05-05,Survived the war
U-4709,0,123,,1945-05-04,Survived the war
U-471,0,583,,1944-08-06,Did not survive the War
U-4710,0,124,,1945-05-05,Survived the war
U-4711,0,123,,1945-05-04,Survived the war
U-4712,0,122,,1945-05-03,Survived the war
U-472,0,428,,1944-03-04,Did not survive the War
U-473,1,491,491,1944-05-06,Did not survive the War
U-475,0,853,,1945-05-03,Survived the war
U-476,0,510,,1944-05-25,Did not survive the War
U-477,0,519,,1944-06-03,Did not survive the War
U-478,0,546,,1944-06-30,Did not survive the War
U-479,0,696,,1944-11-27,Did not survive the War
U-48,51,2314,45,1945-05-03,Survived the war
U-480,4,759,189,1945-01-29,Did not survive the War
U-481,7,859,122,1945-05-09,Survived the war
U-482,5,694,138,1944-11-25,Did not survive the War
U-483,1,859,859,1945-05-09,Survived the war
U-484,0,617,,1944-09-09,Did not survive the War
U-485,0,497,,1945-05-12,Survived the war
U-486,4,467,116,1945-04-12,Did not survive the War
U-487,0,558,,1943-07-13,Did not survive the War
U-488,0,846,,1944-04-26,Did not survive the War
U-489,0,580,,1943-08-04,Did not survive the War
U-49,1,470,470,1940-04-15,Did not survive the War
U-490,0,893,,1944-06-12,Did not survive the War
U-5,0,2999,,1943-03-19,Did not survive the War
U-50,4,461,115,1940-04-06,Did not survive the War
U-501,1,252,252,1941-09-10,Did not survive the War
U-502,14,551,39,1942-07-06,Did not survive the War
U-503,0,438,,1942-03-15,Did not survive the War
U-504,15,940,62,1943-07-30,Did not survive the War
U-505,8,1250,156,1944-06-04,Did not survive the War
U-506,14,922,65,1943-07-12,Did not survive the War
U-507,19,742,39,1943-01-13,Did not survive the War
U-508,14,1045,74,1943-11-12,Did not survive the War
U-509,5,925,185,1943-07-15,Did not survive the War
U-51,6,962,160,1940-08-20,Did not survive the War
U-510,12,1590,132,1945-05-10,Survived the war
U-511,5,1673,334,1945-08-01,Survived the war
U-512,3,366,122,1942-01-02,Did not survive the War
U-513,6,929,154,1943-07-19,Did not survive the War
U-514,4,918,229,1943-07-08,Did not survive the War
U-515,24,1194,49,1944-04-09,Did not survive the War
U-516,16,1594,99,1945-05-14,Survived the war
U-517,9,689,76,1942-11-21,Did not survive the War
U-518,9,1207,134,1945-04-22,Did not survive the War
U-519,0,395,,1943-01-31,Did not survive the War
U-52,13,2314,178,1945-05-03,Survived the war
U-520,0,302,,1942-10-30,Did not survive the War
U-521,4,517,129,1943-06-02,Did not survive the War
U-522,7,418,59,1943-02-23,Did not survive the War
U-523,1,601,601,1943-08-25,Did not survive the War
U-524,2,445,222,1943-03-22,Did not survive the War
U-525,1,587,587,1943-08-11,Did not survive the War
U-526,0,468,,1943-04-14,Did not survive the War
U-527,2,568,284,1943-07-23,Did not survive the War
U-528,0,495,,1943-05-11,Did not survive the War
U-529,0,410,,1943-02-15,Did not survive the War
U-53,7,419,59,1940-02-24,Did not survive the War
U-530,2,1286,643,1945-07-10,Survived the war
U-531,0,490,,1943-05-06,Did not survive the War
U-532,8,1228,153,1945-05-13,Survived the war
U-533,0,653,,1943-10-16,Did not survive the War
U-534,0,1220,,1945-05-05,Survived the war
U-535,0,550,,1943-07-05,Did not survive the War
U-536,0,688,,1943-11-20,Did not survive the War
U-537,0,1044,,1944-11-10,Did not survive the War
U-538,0,689,,1943-11-21,Did not survive the War
U-539,1,1224,1224,1945-05-09,Survived the war
U-54,0,408,,1940-02-13,Did not survive the War
U-540,0,654,,1943-10-17,Did not survive the War
U-541,1,862,862,1945-05-12,Survived the war
U-542,0,331,,1943-11-28,Did not survive the War
U-543,0,548,,1944-07-02,Did not survive the War
U-544,0,380,,1944-01-16,Did not survive the War
U-545,0,405,,1944-02-10,Did not survive the War
U-546,1,844,844,1945-04-24,Did not survive the War
U-547,3,730,243,1944-12-31,Did not survive the War
U-548,1,839,839,1945-04-19,Did not survive the War
U-549,1,514,514,1944-05-29,Did not survive the War
U-55,6,394,65,1940-01-30,Did not survive the War
U-550,1,471,471,1944-04-16,Did not survive the War
U-551,0,447,,1941-03-23,Did not survive the War
U-552,32,1951,60,1945-05-05,Survived the war
U-553,13,1115,85,1943-01-20,Did not survive the War
U-554,0,1951,,1945-05-05,Survived the war
U-555,0,1949,,1945-05-03,Survived the war
U-556,6,543,90,1941-06-27,Did not survive the War
U-557,7,715,102,1941-12-16,Did not survive the War
U-558,18,1296,72,1943-07-20,Did not survive the War
U-559,5,667,133,1942-10-30,Did not survive the War
U-56,4,2679,669,1945-05-03,Survived the war
U-560,0,1583,,1945-05-03,Survived the war
U-561,5,922,184,1943-07-12,Did not survive the War
U-562,6,779,129,1943-02-19,Did not survive the War
U-563,4,880,220,1943-05-31,Did not survive the War
U-564,19,894,47,1943-06-14,Did not survive the War
U-565,5,1368,273,1944-09-30,Did not survive the War
U-566,7,1026,146,1943-10-24,Did not survive the War
U-567,2,354,177,1941-12-21,Did not survive the War
U-568,3,512,170,1942-05-28,Did not survive the War
U-569,1,871,871,1943-05-22,Did not survive the War
U-57,12,2679,223,1945-05-03,Survived the war
U-570,0,238,,1941-08-27,Did not survive the War
U-571,6,1122,187,1944-01-28,Did not survive the War
U-572,6,944,157,1943-08-03,Did not survive the War
U-573,1,578,578,1942-08-02,Did not survive the War
U-574,1,352,352,1941-12-19,Did not survive the War
U-575,9,1167,129,1944-03-13,Did not survive the War
U-576,4,560,140,1942-07-15,Did not survive the War
U-577,0,379,,1942-01-15,Did not survive the War
U-578,5,582,116,1942-08-06,Did not survive the War
U-579,0,1585,,1945-05-05,Survived the war
U-58,7,2679,382,1945-05-03,Survived the war
U-580,0,314,,1941-11-11,Did not survive the War
U-581,1,397,397,1942-02-02,Did not survive the War
U-582,7,642,91,1942-10-05,Did not survive the War
U-583,0,318,,1941-11-15,Did not survive the War
U-584,4,1033,258,1943-10-31,Did not survive the War
U-585,0,453,,1942-03-30,Did not survive the War
U-586,2,1281,640,1944-07-05,Did not survive the War
U-587,5,450,90,1942-03-27,Did not survive the War
U-588,7,576,82,1942-07-31,Did not survive the War
U-589,1,621,621,1942-09-14,Did not survive the War
U-59,19,2679,141,1945-05-03,Survived the war
U-590,1,919,919,1943-07-09,Did not survive the War
U-591,4,940,235,1943-07-30,Did not survive the War
U-592,1,1125,1125,1944-01-31,Did not survive the War
U-593,14,1076,76,1943-12-13,Did not survive the War
U-594,2,885,442,1943-06-05,Did not survive the War
U-595,0,682,,1942-11-14,Did not survive the War
U-596,13,1368,105,1944-09-30,Did not survive the War
U-597,0,649,,1942-10-12,Did not survive the War
U-598,2,933,466,1943-07-23,Did not survive the War
U-599,0,661,,1942-10-24,Did not survive the War
U-6,0,3506,,1944-08-07,Did not survive the War
U-60,3,2316,772,1945-05-05,Survived the war
U-600,5,1058,211,1943-11-25,Did not survive the War
U-601,4,1150,287,1944-02-25,Did not survive the War
U-602,1,838,838,1943-04-19,Did not survive the War
U-603,4,1144,286,1944-02-19,Did not survive the War
U-604,6,952,158,1943-08-11,Did not survive the War
U-605,3,682,227,1942-11-14,Did not survive the War
U-606,3,782,260,1943-02-22,Did not survive the War
U-607,4,923,230,1943-07-13,Did not survive the War
U-608,5,1317,263,1944-08-10,Did not survive the War
U-609,2,766,383,1943-02-06,Did not survive the War
U-61,5,2316,463,1945-05-05,Survived the war
U-610,4,1010,252,1943-10-08,Did not survive the War
U-611,0,341,,1942-12-08,Did not survive the War
U-612,0,1216,,1945-05-01,Did not survive the War
U-613,2,568,284,1943-07-23,Did not survive the War
U-614,1,574,574,1943-07-29,Did not survive the War
U-615,4,583,145,1943-08-07,Did not survive the War
U-616,2,867,433,1944-05-17,Did not survive the War
U-617,11,619,56,1943-09-12,Did not survive the War
U-618,3,956,318,1944-08-14,Did not survive the War
U-619,2,277,138,1942-10-05,Did not survive the War
U-62,2,2316,1158,1945-05-05,Survived the war
U-620,1,408,408,1943-02-13,Did not survive the War
U-621,5,960,192,1944-08-18,Did not survive the War
U-622,0,569,,1943-07-24,Did not survive the War
U-623,0,416,,1943-02-21,Did not survive the War
U-624,8,402,50,1943-02-07,Did not survive the War
U-625,5,799,159,1944-03-10,Did not survive the War
U-626,0,347,,1942-12-14,Did not survive the War
U-627,0,299,,1942-10-27,Did not survive the War
U-628,4,548,137,1943-07-03,Did not survive the War
U-629,0,888,,1944-06-07,Did not survive the War
U-63,1,420,420,1940-02-25,Did not survive the War
U-630,2,490,245,1943-05-06,Did not survive the War
U-631,2,654,327,1943-10-17,Did not survive the War
U-632,2,460,230,1943-04-06,Did not survive the War
U-633,1,431,431,1943-03-08,Did not survive the War
U-634,1,606,606,1943-08-30,Did not survive the War
U-635,0,459,,1943-04-05,Did not survive the War
U-636,1,1206,1206,1945-04-21,Did not survive the War
U-637,1,1224,1224,1945-05-09,Survived the war
U-638,1,489,489,1943-05-05,Did not survive the War
U-639,0,604,,1943-08-28,Did not survive the War
U-64,0,468,,1940-04-13,Did not survive the War
U-640,0,498,,1943-05-14,Did not survive the War
U-641,0,748,,1944-01-19,Did not survive the War
U-642,1,916,916,1944-07-05,Did not survive the War
U-643,0,645,,1943-10-08,Did not survive the War
U-644,0,461,,1943-04-07,Did not survive the War
U-645,2,710,355,1943-12-12,Did not survive the War
U-646,0,501,,1943-05-17,Did not survive the War
U-647,0,573,,1943-07-28,Did not survive the War
U-648,0,690,,1943-11-22,Did not survive the War
U-649,0,419,,1943-02-24,Did not survive the War
U-65,12,483,40,1941-04-28,Did not survive the War
U-650,0,1102,,1945-01-07,Did not survive the War
U-651,2,545,272,1941-06-29,Did not survive the War
U-652,6,517,86,1942-06-02,Did not survive the War
U-653,4,1169,292,1944-03-15,Did not survive the War
U-654,4,598,149,1942-08-22,Did not survive the War
U-655,0,447,,1942-03-24,Did not survive the War
U-656,0,424,,1942-03-01,Did not survive the War
U-657,1,866,866,1943-05-17,Did not survive the War
U-658,3,667,222,1942-10-30,Did not survive the War
U-659,1,853,853,1943-05-04,Did not survive the War
U-66,33,1587,48,1944-05-06,Did not survive the War
U-660,2,680,340,1942-11-12,Did not survive the War
U-661,1,652,652,1942-10-15,Did not survive the War
U-662,3,566,188,1943-07-21,Did not survive the War
U-663,2,492,246,1943-05-08,Did not survive the War
U-664,3,585,195,1943-08-09,Did not survive the War
U-665,1,445,445,1943-03-22,Did not survive the War
U-666,1,770,770,1944-02-10,Did not survive the War
U-667,4,968,242,1944-08-26,Did not survive the War
U-668,0,1224,,1945-05-09,Survived the war
U-669,0,606,,1943-08-30,Did not survive the War
U-67,13,1292,99,1943-07-16,Did not survive the War
U-670,0,596,,1943-08-20,Did not survive the War
U-671,0,946,,1944-08-04,Did not survive the War
U-672,0,564,,1944-07-18,Did not survive the War
U-673,0,662,,1944-10-24,Did not survive the War
U-674,0,487,,1944-05-02,Did not survive the War
U-675,0,509,,1944-05-24,Did not survive the War
U-676,0,773,,1945-02-12,Did not survive the War
U-677,0,859,,1945-05-09,Survived the war
U-678,0,552,,1944-07-06,Did not survive the War
U-679,1,739,739,1945-01-09,Did not survive the War
U-68,33,1561,47,1944-04-10,Did not survive the War
U-680,0,855,,1945-05-05,Survived the war
U-681,0,800,,1945-03-11,Did not survive the War
U-682,0,435,,1945-03-11,Did not survive the War
U-683,0,416,,1945-02-20,Did not survive the War
U-69,17,1143,67,1943-02-17,Did not survive the War
U-7,1,3335,3335,1944-02-18,Did not survive the War
U-70,1,431,431,1941-03-07,Did not survive the War
U-701,9,552,61,1942-07-07,Did not survive the War
U-702,0,454,,1942-03-31,Did not survive the War
U-703,7,1354,193,1944-09-16,Did not survive the War
U-704,1,1580,1580,1945-04-30,Did not survive the War
U-705,1,610,610,1942-09-03,Did not survive the War
U-706,3,943,314,1943-08-02,Did not survive the War
U-707,2,1042,521,1943-11-09,Did not survive the War
U-708,0,1585,,1945-05-05,Survived the war
U-709,0,779,,1944-02-19,Did not survive the War
U-71,5,1948,389,1945-05-02,Survived the war
U-710,0,478,,1943-04-24,Did not survive the War
U-711,2,1219,609,1945-05-04,Survived the war
U-712,0,1224,,1945-05-09,Survived the war
U-713,0,784,,1944-02-24,Did not survive the War
U-714,2,1168,584,1945-03-14,Did not survive the War
U-715,0,894,,1944-06-13,Did not survive the War
U-716,2,859,429,1945-05-09,Survived the war
U-717,0,855,,1945-05-05,Survived the war
U-718,0,321,,1943-11-18,Did not survive the War
U-719,0,542,,1944-06-26,Did not survive the War
U-72,0,1915,,1945-03-30,Did not survive the War
U-720,0,855,,1945-05-05,Survived the war
U-721,0,855,,1945-05-05,Survived the war
U-722,1,816,816,1945-03-27,Did not survive the War
U-73,12,1445,120,1943-12-16,Did not survive the War
U-731,0,865,,1944-05-15,Did not survive the War
U-732,0,668,,1943-10-31,Did not survive the War
U-733,0,1220,,1945-05-05,Survived the war
U-734,0,769,,1944-02-09,Did not survive the War
U-735,0,1092,,1944-12-28,Did not survive the War
U-736,0,948,,1944-08-06,Did not survive the War
U-737,0,1083,,1944-12-19,Did not survive the War
U-738,0,774,,1944-02-14,Did not survive the War
U-739,1,1228,1228,1945-05-13,Survived the war
U-74,5,852,170,1942-05-02,Did not survive the War
U-740,0,889,,1944-06-08,Did not survive the War
U-741,1,592,592,1944-08-15,Did not survive the War
U-742,0,564,,1944-07-18,Did not survive the War
U-743,0,599,,1944-08-22,Did not survive the War
U-744,2,430,215,1944-03-06,Did not survive the War
U-745,2,761,380,1945-01-31,Did not survive the War
U-746,0,855,,1945-05-05,Survived the war
U-747,0,855,,1945-05-05,Survived the war
U-748,0,855,,1945-05-05,Survived the war
U-749,0,824,,1945-04-04,Did not survive the War
U-75,9,727,80,1941-12-28,Did not survive the War
U-750,0,855,,1945-05-05,Survived the war
U-751,6,928,154,1942-07-17,Did not survive the War
U-752,9,872,96,1943-05-23,Did not survive the War
U-753,3,862,287,1943-05-13,Did not survive the War
U-754,13,576,44,1942-07-31,Did not survive the War
U-755,3,877,292,1943-05-28,Did not survive the War
U-756,0,243,,1941-09-01,Did not survive the War
U-757,3,1102,367,1944-01-08,Did not survive the War
U-758,2,1170,585,1945-03-16,Did not survive the War
U-759,2,560,280,1943-07-15,Did not survive the War
U-76,2,460,230,1941-04-05,Did not survive the War
U-760,0,615,,1943-09-08,Did not survive the War
U-761,0,784,,1944-02-24,Did not survive the War
U-762,0,768,,1944-02-08,Did not survive the War
U-763,1,759,759,1945-01-29,Did not survive the War
U-764,3,864,288,1945-05-14,Survived the war
U-765,0,491,,1944-05-06,Did not survive the War
U-766,0,601,,1944-08-24,Did not survive the War
U-767,1,534,534,1944-06-18,Did not survive the War
U-768,0,323,,1943-11-20,Did not survive the War
U-77,15,1183,78,1943-03-29,Did not survive the War
U-771,0,680,,1944-11-11,Did not survive the War
U-772,0,716,,1944-12-17,Did not survive the War
U-773,0,859,,1945-05-09,Survived the war
U-774,0,828,,1945-04-08,Did not survive the War
U-775,2,859,429,1945-05-09,Survived the war
U-776,0,501,,1945-05-16,Survived the war
U-777,0,288,,1944-10-15,Did not survive the War
U-778,0,494,,1945-05-09,Survived the war
U-779,0,490,,1945-05-05,Survived the war
U-78,0,1932,,1945-04-16,Did not survive the War
U-79,3,356,118,1941-12-23,Did not survive the War
U-792,0,854,,1945-05-04,Survived the war
U-793,0,489,,1945-05-04,Survived the war
U-794,0,855,,1945-05-05,Survived the war
U-795,0,488,,1945-05-03,Survived the war
U-8,0,3777,,1945-05-05,Survived the war
U-80,0,1427,,1944-11-28,Did not survive the War
U-801,0,806,,1944-03-17,Did not survive the War
U-802,1,1226,1226,1945-05-11,Survived the war
U-803,0,482,,1944-04-27,Did not survive the War
U-804,1,829,829,1945-04-09,Did not survive the War
U-805,0,865,,1945-05-15,Survived the war
U-806,1,856,856,1945-05-06,Survived the war
U-81,26,1207,46,1944-04-22,Did not survive the War
U-82,9,401,44,1942-02-06,Did not survive the War
U-821,0,526,,1944-06-10,Did not survive the War
U-822,0,490,,1945-05-05,Survived the war
U-825,0,498,,1945-05-13,Survived the war
U-826,0,496,,1945-05-11,Survived the war
U-827,0,490,,1945-05-05,Survived the war
U-828,0,490,,1945-05-05,Survived the war
U-83,6,792,132,1943-03-04,Did not survive the War
U-84,6,948,158,1943-08-07,Did not survive the War
U-841,0,654,,1943-10-17,Did not survive the War
U-842,0,674,,1943-11-06,Did not survive the War
U-843,1,1194,1194,1945-04-09,Did not survive the War
U-844,0,653,,1943-10-16,Did not survive the War
U-845,0,434,,1944-03-10,Did not survive the War
U-846,0,489,,1944-05-04,Did not survive the War
U-847,0,603,,1943-08-27,Did not survive the War
U-848,1,673,673,1943-11-05,Did not survive the War
U-849,0,693,,1943-11-25,Did not survive the War
U-85,3,468,156,1942-04-14,Did not survive the War
U-850,0,718,,1943-12-20,Did not survive the War
U-851,0,451,,1944-03-27,Did not survive the War
U-852,2,488,244,1944-05-03,Did not survive the War
U-853,2,856,428,1945-05-06,Survived the war
U-854,0,399,,1944-02-04,Did not survive the War
U-855,0,619,,1944-09-11,Did not survive the War
U-856,0,462,,1944-04-07,Did not survive the War
U-857,2,850,425,1945-04-30,Did not survive the War
U-858,0,864,,1945-05-14,Survived the war
U-859,3,631,210,1944-09-23,Did not survive the War
U-86,3,1062,354,1943-11-29,Did not survive the War
U-860,0,531,,1944-06-15,Did not survive the War
U-861,4,859,214,1945-05-09,Survived the war
U-862,7,944,134,1945-08-02,Survived the war
U-863,0,637,,1944-09-29,Did not survive the War
U-864,0,770,,1945-02-09,Did not survive the War
U-865,0,617,,1944-09-09,Did not survive the War
U-866,0,807,,1945-03-18,Did not survive the War
U-867,0,627,,1944-09-19,Did not survive the War
U-868,1,859,859,1945-05-09,Survived the war
U-869,0,772,,1945-02-11,Did not survive the War
U-87,5,792,158,1943-03-04,Did not survive the War
U-870,2,819,409,1945-03-30,Did not survive the War
U-871,0,634,,1944-09-26,Did not survive the War
U-872,0,587,,1944-08-10,Did not survive the War
U-873,0,866,,1945-05-16,Survived the war
U-874,0,859,,1945-05-09,Survived the war
U-875,0,859,,1945-05-09,Survived the war
U-876,0,488,,1945-05-03,Survived the war
U-877,0,726,,1944-12-27,Did not survive the War
U-878,0,465,,1945-04-10,Did not survive the War
U-879,0,485,,1945-04-30,Did not survive the War
U-88,2,619,309,1942-09-12,Did not survive the War
U-880,0,471,,1945-04-16,Did not survive the War
U-881,0,491,,1945-05-06,Survived the war
U-883,0,490,,1945-05-05,Survived the war
U-889,0,498,,1945-05-13,Survived the war
U-89,4,861,215,1943-05-12,Did not survive the War
U-9,8,3519,439,1944-08-20,Did not survive the War
U-90,0,569,,1942-07-24,Did not survive the War
U-901,0,865,,1945-05-15,Survived the war
U-903,0,855,,1945-05-05,Survived the war
U-904,0,854,,1945-05-04,Survived the war
U-905,0,816,,1945-03-27,Did not survive the War
U-907,0,494,,1945-05-09,Survived the war
U-91,5,1151,230,1944-02-26,Did not survive the War
U-92,3,1007,335,1944-10-04,Did not survive the War
U-921,0,632,,1944-09-24,Did not survive the War
U-922,0,853,,1945-05-03,Survived the war
U-923,0,770,,1945-02-09,Did not survive the War
U-924,0,853,,1945-05-03,Survived the war
U-925,0,602,,1944-08-25,Did not survive the War
U-926,0,859,,1945-05-09,Survived the war
U-927,0,420,,1945-02-24,Did not survive the War
U-928,0,494,,1945-05-09,Survived the war
U-929,0,486,,1945-05-01,Did not survive the War
U-93,8,745,93,1942-01-15,Did not survive the War
U-930,0,494,,1945-05-09,Survived the war
U-94,26,970,37,1942-08-28,Did not survive the War
U-95,8,697,87,1941-11-28,Did not survive the War
U-951,0,552,,1943-07-07,Did not survive the War
U-952,3,944,314,1944-08-02,Did not survive the War
U-953,0,1224,,1945-05-09,Survived the war
U-954,0,503,,1943-05-19,Did not survive the War
U-955,0,888,,1944-06-07,Did not survive the War
U-956,1,1228,1228,1945-05-13,Survived the war
U-957,4,1024,256,1944-10-21,Did not survive the War
U-958,2,1218,609,1945-05-03,Survived the war
U-959,0,852,,1944-05-02,Did not survive the War
U-96,27,1915,70,1945-03-30,Did not survive the War
U-960,3,869,289,1944-05-19,Did not survive the War
U-961,0,818,,1944-03-29,Did not survive the War
U-962,0,828,,1944-04-08,Did not survive the War
U-963,0,1235,,1945-05-20,Survived the war
U-964,0,653,,1943-10-16,Did not survive the War
U-965,0,819,,1945-03-30,Did not survive the War
U-966,0,313,,1943-11-10,Did not survive the War
U-967,1,596,596,1944-08-19,Did not survive the War
U-968,4,859,214,1945-05-09,Survived the war
U-969,0,583,,1944-08-06,Did not survive the War
U-97,16,1262,78,1943-06-16,Did not survive the War
U-970,0,524,,1944-06-08,Did not survive the War
U-971,0,540,,1944-06-24,Did not survive the War
U-972,0,348,,1943-12-15,Did not survive the War
U-973,0,430,,1944-03-06,Did not survive the War
U-974,0,474,,1944-04-19,Did not survive the War
U-975,0,859,,1945-05-09,Survived the war
U-976,0,449,,1944-03-25,Did not survive the War
U-977,0,959,,1945-08-17,Survived the war
U-978,0,859,,1945-05-09,Survived the war
U-979,1,874,874,1945-05-24,Survived the war
U-98,11,1049,95,1942-11-15,Did not survive the War
U-980,0,527,,1944-06-11,Did not survive the War
U-981,0,589,,1944-08-12,Did not survive the War
U-982,0,829,,1945-04-09,Did not survive the War
U-983,0,250,,1943-09-08,Did not survive the War
U-984,1,579,579,1944-08-02,Did not survive the War
U-985,1,684,684,1944-11-15,Did not survive the War
U-986,0,465,,1944-04-10,Did not survive the War
U-987,0,531,,1944-06-15,Did not survive the War
U-988,0,538,,1944-06-22,Did not survive the War
U-989,1,775,775,1945-02-14,Did not survive the War
U-99,38,441,11,1941-03-17,Did not survive the War
U-990,1,510,510,1944-05-25,Did not survive the War
U-991,0,859,,1945-05-09,Survived the war
U-992,1,859,859,1945-05-09,Survived the war
U-993,0,642,,1944-10-04,Did not survive the War
U-994,0,859,,1945-05-09,Survived the war
U-995,5,859,171,1945-05-09,Survived the war
U-997,2,859,429,1945-05-09,Survived the war
U-998,0,543,,1944-06-27,Did not survive the War
U-999,0,855,,1945-05-05,Survived the war
